STATEFP,CD116FP,GEOID,NAMELSAD,LSAD,CDSESSN,MTFCC,FUNCSTAT,ALAND,AWATER,INTPTLAT,INTPTLON,color,NUMPOINTSmilitary
27,07,2707,Congressional District 7,C2,116,G5200,N,86580712408,5058381039,+46.5530202,-095.6759048,,0
27,02,2702,Congressional District 2,C2,116,G5200,N,6314464923,243358361,+44.4789680,-092.8530418,,1
27,06,2706,Congressional District 6,C2,116,G5200,N,7460634590,408723230,+45.3368069,-093.8520551,,2
27,08,2708,Congressional District 8,C2,116,G5200,N,72281499178,12448503736,+47.2503370,-092.9638699,,3
17,01,1701,Congressional District 1,C2,116,G5200,N,669256000,2067510,+41.5466708,-087.8357472,,1
17,18,1718,Congressional District 18,C2,116,G5200,N,27235396834,383133624,+40.2271844,-090.0691183,,1
17,07,1707,Congressional District 7,C2,116,G5200,N,161458448,5341167,+41.8633320,-087.7321218,,0
17,02,1702,Congressional District 2,C2,116,G5200,N,-1496230838,25389182,+41.2562081,-087.7901148,,0
31,01,3101,Congressional District 1,C2,116,G5200,N,22995959831,249898247,+41.3744593,-096.8286623,,4
06,36,0636,Congressional District 36,C2,116,G5200,N,15312870769,201717828,+33.7300127,-115.7393369,,0
06,16,0616,Congressional District 16,C2,116,G5200,N,7354826326,118249352,+37.1086529,-120.5188666,,1
06,46,0646,Congressional District 46,C2,116,G5200,N,187083544,995827,+33.7908040,-117.8963627,,0
06,37,0637,Congressional District 37,C2,116,G5200,N,143132731,351790,+34.0168971,-118.3717636,,0
06,33,0633,Congressional District 33,C2,116,G5200,N,747577389,489486946,+34.0465389,-118.9443071,,3
06,15,0615,Congressional District 15,C2,116,G5200,N,1549131567,73625793,+37.6571483,-121.8362453,,0
18,02,1802,Congressional District 2,C2,116,G5200,N,10253189601,131728583,+41.2487244,-086.2367980,,2
18,09,1809,Congressional District 9,C2,116,G5200,N,11622090122,144580780,+38.7829414,-086.2122933,,2
18,06,1806,Congressional District 6,C2,116,G5200,N,16075565107,106706879,+39.4752185,-085.3763377,,4
18,08,1808,Congressional District 8,C2,116,G5200,N,18792335677,278478325,+38.7330167,-087.1993471,,3
06,53,0653,Congressional District 53,C2,116,G5200,N,352091648,5538110,+32.7183139,-117.0314815,,3
06,47,0647,Congressional District 47,C2,116,G5200,N,560123814,1176361929,+33.3673364,-118.4807090,,4
06,31,0631,Congressional District 31,C2,116,G5200,N,566112003,5694100,+34.1096748,-117.3533294,,0
06,03,0603,Congressional District 3,C2,116,G5200,N,16017117073,456161284,+39.0319525,-122.0895732,,6
06,21,0621,Congressional District 21,C2,116,G5200,N,17432430270,33795770,+36.0867145,-119.8515001,,2
06,48,0648,Congressional District 48,C2,116,G5200,N,378015317,281882221,+33.6229098,-117.9052749,,1
06,10,0610,Congressional District 10,C2,116,G5200,N,4714787480,54084843,+37.5863232,-121.0544262,,2
05,01,0501,Congressional District 1,C2,116,G5200,N,50035558911,1234692466,+35.2939086,-091.2583060,,0
05,03,0503,Congressional District 3,C2,116,G5200,N,13982564687,375776742,+36.5005037,-094.6177677,,1
05,04,0504,Congressional District 4,C2,116,G5200,N,57855108552,1049845616,+34.2241999,-093.2211129,,1
05,02,0502,Congressional District 2,C2,116,G5200,N,12895640577,302544768,+35.0995596,-092.3791565,,2
18,01,1801,Congressional District 1,C2,116,G5200,N,-1298911539,625462306,+41.4970344,-087.1798166,,0
06,34,0634,Congressional District 34,C2,116,G5200,N,123456560,783650,+34.0746549,-118.2282686,,0
06,52,0652,Congressional District 52,C2,116,G5200,N,691689046,296660721,+32.8571989,-117.1653269,,12
06,30,0630,Congressional District 30,C2,116,G5200,N,352104835,5012026,+34.2018725,-118.5469560,,0
06,18,0618,Congressional District 18,C2,116,G5200,N,1802693482,330001708,+37.2022035,-122.1538063,,1
06,20,0620,Congressional District 20,C2,116,G5200,N,12626814295,1572235024,+36.3732865,-121.2752181,,6
06,42,0642,Congressional District 42,C2,116,G5200,N,-1870371424,44261217,+33.6799530,-117.2275227,,1
06,25,0625,Congressional District 25,C2,116,G5200,N,4378863906,30779288,+34.5880620,-118.2802639,,1
22,04,2204,Congressional District 4,C2,116,G5200,N,32210761600,1106343072,+31.7920472,-093.1796062,,3
22,02,2202,Congressional District 2,C2,116,G5200,N,-1009793170,522407749,+30.0467435,-090.5684985,,2
22,06,2206,Congressional District 6,C2,116,G5200,N,10447504074,1012577737,+30.2957806,-091.0085262,,1
19,01,1901,Congressional District 1,C2,116,G5200,N,31206403219,228600914,+42.5273374,-091.8962804,,0
06,32,0632,Congressional District 32,C2,116,G5200,N,321864855,5293443,+34.0895637,-117.9141422,,0
06,43,0643,Congressional District 43,C2,116,G5200,N,186580878,555893,+33.9031099,-118.3363034,,0
06,35,0635,Congressional District 35,C2,116,G5200,N,437338064,356550,+34.0447493,-117.5834632,,0
06,13,0613,Congressional District 13,C2,116,G5200,N,250697049,127168051,+37.7789619,-122.2392482,,1
06,26,0626,Congressional District 26,C2,116,G5200,N,-1863415816,807884720,+34.1670228,-119.1299548,,5
06,44,0644,Congressional District 44,C2,116,G5200,N,205463239,66957266,+33.8187502,-118.2509834,,1
06,19,0619,Congressional District 19,C2,116,G5200,N,-1922776672,15265440,+37.2162355,-121.5290231,,0
19,04,1904,Congressional District 4,C2,116,G5200,N,58938051417,264712627,+42.6286385,-094.6450983,,1
19,02,1902,Congressional District 2,C2,116,G5200,N,31755572729,434115836,+41.2085154,-092.1491879,,1
27,01,2701,Congressional District 1,C2,116,G5200,N,31013342671,540782812,+43.8989394,-093.7117418,,1
27,03,2703,Congressional District 3,C2,116,G5200,N,1365425974,144398952,+44.9958803,-093.5286204,,0
27,04,2704,Congressional District 4,C2,116,G5200,N,861318818,84495478,+45.0027128,-092.9773663,,2
27,05,2705,Congressional District 5,C2,116,G5200,N,351540886,16573581,+44.9809623,-093.2941451,,1
06,49,0649,Congressional District 49,C2,116,G5200,N,1433319197,511621679,+33.3147856,-117.3795192,,2
06,05,0605,Congressional District 5,C2,116,G5200,N,4482417000,319288355,+38.5157184,-122.4624656,,1
06,24,0624,Congressional District 24,C2,116,G5200,N,17832192315,-610599315,+34.9196335,-120.1128450,,3
31,03,3103,Congressional District 3,C2,116,G5200,N,174647751781,1071218403,+41.5394730,-100.2229693,,3
31,02,3102,Congressional District 2,C2,116,G5200,N,1312946783,50712484,+41.2286220,-096.1609050,,1
06,29,0629,Congressional District 29,C2,116,G5200,N,238354217,1621914,+34.2666953,-118.4303132,,0
06,07,0607,Congressional District 7,C2,116,G5200,N,1421720505,13173746,+38.4794773,-121.2153712,,1
06,06,0606,Congressional District 6,C2,116,G5200,N,453544934,10601204,+38.5940335,-121.4797679,,1
06,39,0639,Congressional District 39,C2,116,G5200,N,531445171,1078797,+33.9386493,-117.8258358,,0
17,14,1714,Congressional District 14,C2,116,G5200,N,-158203347,63294101,+42.0255473,-088.4458531,,0
47,01,4701,Congressional District 1,C2,116,G5200,N,10730877769,204163863,+36.2125013,-082.7999170,,2
47,03,4703,Congressional District 3,C2,116,G5200,N,11837064719,372167533,+35.7616459,-084.5094443,,0
47,05,4705,Congressional District 5,C2,116,G5200,N,-1062506936,72095867,+36.1873306,-087.0740252,,2
47,04,4704,Congressional District 4,C2,116,G5200,N,15500357323,242150169,+35.5358725,-087.2770081,,1
06,11,0611,Congressional District 11,C2,116,G5200,N,1268371789,101766052,+37.9038693,-122.0009326,,2
41,01,4101,Congressional District 1,C2,116,G5200,N,7786815748,771013213,+45.7211995,-123.3412706,,1
41,03,4103,Congressional District 3,C2,116,G5200,N,-1512096213,82267862,+45.3899979,-122.1990897,,2
41,05,4105,Congressional District 5,C2,116,G5200,N,13439639550,1207538177,+45.0283647,-123.1951639,,3
23,01,2301,Congressional District 1,C2,116,G5200,N,8512096974,4733548431,+43.8460537,-069.9152497,,3
23,02,2302,Congressional District 2,C2,116,G5200,N,71375329063,7013001333,+45.5100010,-069.0853097,,7
47,07,4707,Congressional District 7,C2,116,G5200,N,23726991266,415476120,+35.6333893,-087.8333421,,1
47,02,4702,Congressional District 2,C2,116,G5200,N,6013499673,278544192,+36.0503605,-083.8211884,,1
17,05,1705,Congressional District 5,C2,116,G5200,N,247592486,1850633,+41.9303655,-087.8309020,,0
17,16,1716,Congressional District 16,C2,116,G5200,N,20503968767,183129836,+41.3915234,-088.7991966,,2
17,13,1713,Congressional District 13,C2,116,G5200,N,15004637044,216308900,+39.5156354,-089.5198424,,1
17,ZZ,17ZZ,Congressional Districts not defined,00,116,G5200,F,922,-224777365,+41.7736686,-087.5663499,,0
06,50,0650,Congressional District 50,C2,116,G5200,N,7222573192,40261060,+33.1135481,-116.6225898,,1
06,23,0623,Congressional District 23,C2,116,G5200,N,25636803430,99793011,+35.6106838,-118.5390568,,1
06,08,0608,Congressional District 8,C2,116,G5200,N,85132866565,444227838,+35.6625568,-116.8195456,,8
17,17,1717,Congressional District 17,C2,116,G5200,N,17949060604,346793272,+41.3894669,-090.2186532,,3
17,06,1706,Congressional District 6,C2,116,G5200,N,980857787,27754091,+42.0671182,-088.4044355,,0
17,03,1703,Congressional District 3,C2,116,G5200,N,613376406,13496849,+41.6789774,-087.8919745,,0
17,10,1710,Congressional District 10,C2,116,G5200,N,777404163,31605644,+42.2800147,-087.9399419,,4
17,04,1704,Congressional District 4,C2,116,G5200,N,135804048,966145,+41.8862970,-087.9205610,,0
13,03,1303,Congressional District 3,C2,116,G5200,N,9935874355,215086398,+33.1505217,-084.7286640,,0
13,10,1310,Congressional District 10,C2,116,G5200,N,18384949315,459100029,+33.4242062,-083.0623090,,0
13,04,1304,Congressional District 4,C2,116,G5200,N,1287444270,21757037,+33.6976377,-084.0514329,,0
13,05,1305,Congressional District 5,C2,116,G5200,N,686276539,5016095,+33.7069846,-084.4011185,,4
13,13,1313,Congressional District 13,C2,116,G5200,N,1849961415,25795622,+33.6291014,-084.5664533,,0
13,09,1309,Congressional District 9,C2,116,G5200,N,13498994850,410740104,+34.5061129,-083.6870501,,0
06,51,0651,Congressional District 51,C2,116,G5200,N,12410851100,869815412,+32.9955751,-115.5255338,,10
06,28,0628,Congressional District 28,C2,116,G5200,N,565796768,2403435,+34.2500576,-118.2914520,,0
06,01,0601,Congressional District 1,C2,116,G5200,N,72746795133,1948066307,+40.7319880,-121.5105160,,2
13,07,1307,Congressional District 7,C2,116,G5200,N,1017219867,25241077,+34.0401920,-084.0829587,,1
13,02,1302,Congressional District 2,C2,116,G5200,N,24942492103,438955826,+31.8162371,-084.4190306,,3
13,06,1306,Congressional District 6,C2,116,G5200,N,774251171,13986249,+34.0130516,-084.3456624,,0
13,14,1314,Congressional District 14,C2,116,G5200,N,9383986863,51880746,+34.4305862,-085.0978762,,1
21,02,2102,Congressional District 2,C2,116,G5200,N,18601779924,388832054,+37.5446206,-085.9904901,,1
21,06,2106,Congressional District 6,C2,116,G5200,N,11129720603,115148400,+38.0534473,-084.1547782,,2
22,01,2201,Congressional District 1,C2,116,G5200,N,10436304503,14398936017,+29.6364920,-089.9053610,,5
22,03,2203,Congressional District 3,C2,116,G5200,N,18087979520,5594833099,+29.9270215,-092.4364185,,0
22,05,2205,Congressional District 5,C2,116,G5200,N,37429870551,1118524221,+31.7664463,-091.8235236,,4
18,03,1803,Congressional District 3,C2,116,G5200,N,10826780348,135299678,+41.0967951,-085.2362774,,0
18,05,1805,Congressional District 5,C2,116,G5200,N,4985326169,40864910,+40.2486316,-085.8695988,,1
18,04,1804,Congressional District 4,C2,116,G5200,N,16450662934,70295098,+40.3810879,-086.8594124,,0
18,07,1807,Congressional District 7,C2,116,G5200,N,787296961,4586270,+39.7468732,-086.1390065,,1
13,01,1301,Congressional District 1,C2,116,G5200,N,21047628166,2075874473,+31.3174384,-081.9425449,,4
17,11,1711,Congressional District 11,C2,116,G5200,N,725929838,16218367,+41.6422523,-088.1474167,,0
17,09,1709,Congressional District 9,C2,116,G5200,N,272986457,1558240,+42.0526844,-087.8101853,,0
17,15,1715,Congressional District 15,C2,116,G5200,N,38062630857,353131952,+38.9051694,-088.4420793,,1
47,08,4708,Congressional District 8,C2,116,G5200,N,17738523374,387103686,+35.8508609,-089.1018305,,3
06,40,0640,Congressional District 40,C2,116,G5200,N,149408223,1743216,+33.9698668,-118.1792067,,0
06,12,0612,Congressional District 12,C2,116,G5200,N,100885569,211661576,+37.7855141,-122.4340005,,2
06,45,0645,Congressional District 45,C2,116,G5200,N,856078764,5161857,+33.7142584,-117.6683553,,0
19,03,1903,Congressional District 3,C2,116,G5200,N,22761240612,156751435,+41.2095427,-094.6403809,,2
13,11,1311,Congressional District 11,C2,116,G5200,N,-1521864120,70586962,+34.1804322,-084.6514936,,3
13,12,1312,Congressional District 12,C2,116,G5200,N,21267218363,310156061,+32.4133308,-082.2238419,,1
13,08,1308,Congressional District 8,C2,116,G5200,N,22632647889,298759475,+31.7798073,-083.4515115,,1
06,04,0604,Congressional District 4,C2,116,G5200,N,33247135324,858297386,+37.9824523,-119.9279734,,1
06,22,0622,Congressional District 22,C2,116,G5200,N,-1277607842,10371897,+36.4768778,-119.3895422,,0
06,09,0609,Congressional District 9,C2,116,G5200,N,-1055257452,140669213,+38.0104060,-121.3065618,,1
47,09,4709,Congressional District 9,C2,116,G5200,N,1252797745,53745455,+35.1676342,-089.9788605,,4
47,06,4706,Congressional District 6,C2,116,G5200,N,16770155959,324676580,+36.1947713,-085.7784340,,1
16,01,1601,Congressional District 1,C2,116,G5200,N,102098265032,1310417824,+45.2967502,-116.0358424,,5
16,02,1602,Congressional District 2,C2,116,G5200,N,111951522627,1081304733,+43.4439256,-113.3642618,,1
06,41,0641,Congressional District 41,C2,116,G5200,N,820299648,4159166,+33.9180748,-117.2974203,,2
06,27,0627,Congressional District 27,C2,116,G5200,N,1812584403,7549848,+34.2650833,-117.9348875,,0
06,17,0617,Congressional District 17,C2,116,G5200,N,480149991,21997291,+37.4410278,-121.9665776,,1
06,14,0614,Congressional District 14,C2,116,G5200,N,672683232,827165077,+37.5748023,-122.4936563,,1
41,04,4104,Congressional District 4,C2,116,G5200,N,44737320075,-2067550138,+43.4720025,-123.2731321,,1
41,02,4102,Congressional District 2,C2,116,G5200,N,179860346814,1904150525,+43.8374944,-119.5968497,,5
21,01,2101,Congressional District 1,C2,116,G5200,N,31296234250,1221417588,+37.0846029,-087.1849382,,2
21,03,2103,Congressional District 3,C2,116,G5200,N,827821298,40946491,+38.1894013,-085.6974571,,1
21,05,2105,Congressional District 5,C2,116,G5200,N,29096016239,312392707,+37.3688281,-083.5218984,,0
21,04,2104,Congressional District 4,C2,116,G5200,N,11327918358,296600515,+38.5689729,-084.4370062,,0
17,12,1712,Congressional District 12,C2,116,G5200,N,12972082875,462200658,+37.9933075,-089.4278909,,3
17,08,1708,Congressional District 8,C2,116,G5200,N,532623690,10394846,+42.0096620,-088.0966499,,0
06,02,0602,Congressional District 2,C2,116,G5200,N,33546725691,-172942708,+40.0940587,-123.4649741,,1
06,38,0638,Congressional District 38,C2,116,G5200,N,262655737,3823181,+33.9394788,-118.0626041,,2
01,01,0101,Congressional District 1,C2,116,G5200,N,15713197908,-2019292205,+31.0020519,-087.7879717,,5
01,03,0103,Congressional District 3,C2,116,G5200,N,19537640555,471223121,+33.1505639,-085.7002277,,4
01,05,0105,Congressional District 5,C2,116,G5200,N,9525492193,459955499,+34.7552973,-086.7118036,,1
01,04,0104,Congressional District 4,C2,116,G5200,N,23022590138,573214646,+34.1181796,-087.2138079,,0
01,07,0107,Congressional District 7,C2,116,G5200,N,26301828529,332882012,+32.4492349,-087.6405014,,4
01,02,0102,Congressional District 2,C2,116,G5200,N,26269902298,303582941,+31.7020846,-086.0768417,,16
01,06,0106,Congressional District 6,C2,116,G5200,N,10803396962,176793844,+33.2602125,-086.7134302,,0
12,13,1213,Congressional District 13,C2,116,G5200,N,470709134,640204070,+27.8259163,-082.7264422,,0
12,26,1226,Congressional District 26,C2,116,G5200,N,5659121044,7734843990,+25.1707427,-081.0952687,,8
12,22,1222,Congressional District 22,C2,116,G5200,N,424130319,254083069,+26.2721076,-080.1252119,,0
12,09,1209,Congressional District 9,C2,116,G5200,N,5987286333,798928316,+28.0353419,-081.2906169,,2
12,19,1219,Congressional District 19,C2,116,G5200,N,1937060134,1603487946,+26.4316252,-081.9067678,,0
29,01,2901,Congressional District 1,C2,116,G5200,N,582542737,28225242,+38.7283860,-090.2962282,,1
29,03,2903,Congressional District 3,C2,116,G5200,N,17745526082,368043248,+38.5781714,-091.5631850,,2
29,05,2905,Congressional District 5,C2,116,G5200,N,6281461429,89873789,+39.1414460,-093.7839363,,0
29,04,2904,Congressional District 4,C2,116,G5200,N,37312032695,744247785,+38.2824253,-093.3189947,,3
29,07,2907,Congressional District 7,C2,116,G5200,N,16246587078,248542030,+36.9910613,-093.7063517,,2
29,02,2902,Congressional District 2,C2,116,G5200,N,1206284592,37571451,+38.6029696,-090.5323369,,1
29,06,2906,Congressional District 6,C2,116,G5200,N,47132969024,528128323,+39.9480143,-093.2935421,,3
29,08,2908,Congressional District 8,C2,116,G5200,N,51543398547,444793592,+37.1941281,-090.9345152,,1
28,01,2801,Congressional District 1,C2,116,G5200,N,27384113095,408680692,+34.1975177,-089.0035117,,1
28,03,2803,Congressional District 3,C2,116,G5200,N,33034077391,341749292,+32.0149304,-089.7405887,,4
28,04,2804,Congressional District 4,C2,116,G5200,N,20834173560,-2076651865,+30.9941864,-089.0903341,,6
28,02,2802,Congressional District 2,C2,116,G5200,N,40281155435,958174343,+33.1782150,-090.3514005,,1
34,01,3401,Congressional District 1,C2,116,G5200,N,907100845,51162830,+39.7919748,-075.0559210,,0
34,03,3403,Congressional District 3,C2,116,G5200,N,-1968134305,618205570,+39.8989740,-074.4763431,,3
34,10,3410,Congressional District 10,C2,116,G5200,N,196397289,12474852,+40.7089641,-074.2090452,,0
34,04,3404,Congressional District 4,C2,116,G5200,N,1789674324,49701555,+40.1650024,-074.3169967,,4
34,05,3405,Congressional District 5,C2,116,G5200,N,-1726527806,83673745,+40.9738214,-075.1342110,,0
34,07,3407,Congressional District 7,C2,116,G5200,N,-1782810953,47085986,+40.6317476,-074.7895041,,0
34,02,3402,Congressional District 2,C2,116,G5200,N,5423847467,2034703850,+39.3932996,-074.9072568,,1
34,09,3409,Congressional District 9,C2,116,G5200,N,246870811,19480622,+40.8607823,-074.0738236,,0
34,11,3411,Congressional District 11,C2,116,G5200,N,1310058632,67984687,+40.9020187,-074.4505390,,1
34,06,3406,Congressional District 6,C2,116,G5200,N,557571516,503799396,+40.3465672,-074.2150836,,1
34,12,3412,Congressional District 12,C2,116,G5200,N,1067381022,18504392,+40.3742188,-074.5740550,,1
32,01,3201,Congressional District 1,C2,116,G5200,N,270624142,16683,+36.1335429,-115.1515423,,0
32,03,3203,Congressional District 3,C2,116,G5200,N,7378700260,102791046,+35.6631939,-115.1539667,,1
32,04,3204,Congressional District 4,C2,116,G5200,N,132082704554,628524268,+38.0856467,-116.0264961,,9
32,02,3202,Congressional District 2,C2,116,G5200,N,144597477514,1315874075,+40.6511506,-117.3296838,,7
45,01,4501,Congressional District 1,C2,116,G5200,N,-281422444,-2098397843,+32.7140628,-080.1606245,,4
45,03,4503,Congressional District 3,C2,116,G5200,N,13646022171,518916989,+34.3577435,-082.3312067,,1
45,04,4504,Congressional District 4,C2,116,G5200,N,-930507530,44729109,+34.9417009,-082.1701563,,0
45,05,4505,Congressional District 5,C2,116,G5200,N,14260689226,265732852,+34.5302283,-081.0109378,,1
45,07,4507,Congressional District 7,C2,116,G5200,N,13869575083,958926941,+34.0834783,-079.4988485,,0
45,02,4502,Congressional District 2,C2,116,G5200,N,7827497984,225271436,+33.6330620,-081.3792888,,2
45,06,4506,Congressional District 6,C2,116,G5200,N,20883129406,865071998,+33.2082080,-080.5239865,,5
53,01,5301,Congressional District 1,C2,116,G5200,N,16019836313,1097951634,+48.3674893,-121.6579122,,1
53,03,5303,Congressional District 3,C2,116,G5200,N,23611085055,1219984100,+46.2709146,-122.2622503,,0
38,00,3800,Congressional District (at Large),C1,116,G5200,N,178707534813,4403267548,+47.4421740,-100.4608258,,7
56,00,5600,Congressional District (at Large),C1,116,G5200,N,251458544898,1867670745,+42.9896591,-107.5443922,,3
69,98,6998,Delegate District (at Large),C4,116,G5200,N,472292529,4644252461,+14.9300771,+145.6425305,,0
39,01,3901,Congressional District 1,C2,116,G5200,N,1779110527,26793491,+39.3360198,-084.3468497,,0
39,07,3907,Congressional District 7,C2,116,G5200,N,10009974812,64567382,+40.7432753,-082.4670010,,0
39,02,3902,Congressional District 2,C2,116,G5200,N,8344038308,77170483,+39.0188676,-083.5519463,,0
39,14,3914,Congressional District 14,C2,116,G5200,N,5064219099,-564683811,+41.7511641,-081.0194752,,0
39,06,3906,Congressional District 6,C2,116,G5200,N,18685702709,202816758,+39.7714087,-081.5750390,,0
39,03,3903,Congressional District 3,C2,116,G5200,N,590732885,11274048,+39.9662072,-082.9474950,,1
39,10,3910,Congressional District 10,C2,116,G5200,N,-1369218448,15947647,+39.7013631,-083.9586972,,1
39,04,3904,Congressional District 4,C2,116,G5200,N,12083214953,121559316,+40.5169844,-084.5754759,,1
39,05,3905,Congressional District 5,C2,116,G5200,N,14571716547,73249833,+41.1557510,-084.0447886,,1
39,16,3916,Congressional District 16,C2,116,G5200,N,-1173072697,31141190,+40.9821546,-081.7406039,,0
39,13,3913,Congressional District 13,C2,116,G5200,N,-1979679512,70792303,+41.1496303,-080.9786969,,3
39,15,3915,Congressional District 15,C2,116,G5200,N,12273402700,99789977,+39.5778602,-082.7562053,,4
39,11,3911,Congressional District 11,C2,116,G5200,N,633380874,1310812208,+41.6137949,-081.5277187,,1
39,09,3909,Congressional District 9,C2,116,G5200,N,1202130654,4313138940,+41.4032532,-082.5481185,,1
39,08,3908,Congressional District 8,C2,116,G5200,N,6344114806,42726671,+39.8995752,-084.1608314,,1
39,12,3912,Congressional District 12,C2,116,G5200,N,5884212463,76786970,+40.2393230,-082.6136769,,2
51,01,5101,Congressional District 1,C2,116,G5200,N,10908524934,1767438169,+37.8807201,-076.9762880,,5
51,03,5103,Congressional District 3,C2,116,G5200,N,1619438767,406420212,+36.9137548,-076.5694796,,9
51,10,5110,Congressional District 10,C2,116,G5200,N,-742945611,37324155,+39.0761620,-077.8559583,,0
51,05,5105,Congressional District 5,C2,116,G5200,N,25979630120,391890253,+37.3323415,-078.7235580,,1
51,04,5104,Congressional District 4,C2,116,G5200,N,9433257835,296483280,+36.9617490,-077.1577179,,4
51,07,5107,Congressional District 7,C2,116,G5200,N,8075545799,144698517,+37.8201840,-077.9024081,,2
51,02,5102,Congressional District 2,C2,116,G5200,N,-1436342724,5175504914,+37.3937297,-075.9356016,,16
51,11,5111,Congressional District 11,C2,116,G5200,N,479342358,21326058,+38.7890600,-077.2946223,,0
51,09,5109,Congressional District 9,C2,116,G5200,N,23608647264,153447195,+37.0008631,-081.3249946,,1
15,01,1501,Congressional District 1,C2,116,G5200,N,541359418,456759507,+21.3226396,-157.9059542,,20
15,02,1502,Congressional District 2,C2,116,G5200,N,16092630777,11321049519,+19.6941634,-156.0443440,,20
26,01,2601,Congressional District 1,C2,116,G5200,N,64824717641,75782056342,+46.1573045,-086.4369120,,3
26,07,2607,Congressional District 7,C2,116,G5200,N,10950537365,526028591,+42.0936084,-084.3049549,,0
26,02,2602,Congressional District 2,C2,116,G5200,N,8644760241,7325050525,+43.3975406,-086.3188626,,0
26,06,2606,Congressional District 6,C2,116,G5200,N,9188279377,-229115032,+42.1640521,-086.1560519,,1
26,14,2614,Congressional District 14,C2,116,G5200,N,480339355,97940449,+42.5612521,-083.4387250,,0
26,03,2603,Congressional District 3,C2,116,G5200,N,6811523115,176750939,+42.7200275,-085.2372759,,1
26,10,2610,Congressional District 10,C2,116,G5200,N,10732439902,5435442796,+43.4559041,-082.8824074,,1
26,05,2605,Congressional District 5,C2,116,G5200,N,6083376419,4835570030,+43.5744457,-084.1628756,,0
26,04,2604,Congressional District 4,C2,116,G5200,N,21907203534,520053991,+43.7315525,-084.7503993,,0
26,13,2613,Congressional District 13,C2,116,G5200,N,478918323,5374636,+42.3513749,-083.4300532,,0
26,ZZ,26ZZ,Congressional Districts not defined,00,116,G5200,F,0,4875244623,+42.4984990,-082.8719620,,0
26,11,2611,Congressional District 11,C2,116,G5200,N,1085687168,55726229,+42.5300018,-083.4539962,,0
26,09,2609,Congressional District 9,C2,116,G5200,N,475771461,13240065,+42.5296604,-083.0547224,,1
26,12,2612,Congressional District 12,C2,116,G5200,N,1044264730,71968024,+42.2053809,-083.4470432,,0
26,08,2608,Congressional District 8,C2,116,G5200,N,-401832937,99556198,+42.6477730,-083.9453541,,1
51,06,5106,Congressional District 6,C2,116,G5200,N,15355775696,104993717,+38.1365430,-079.1992544,,0
51,08,5108,Congressional District 8,C2,116,G5200,N,386908080,29005304,+38.7713248,-077.1467415,,5
53,10,5310,Congressional District 10,C2,116,G5200,N,2141821386,234826813,+47.0417220,-122.7558152,,3
53,05,5305,Congressional District 5,C2,116,G5200,N,40076148862,598822284,+47.5732049,-117.8675495,,4
53,04,5304,Congressional District 4,C2,116,G5200,N,49848046468,808206849,+47.2946268,-119.7071777,,1
53,07,5307,Congressional District 7,C2,116,G5200,N,372955017,339685089,+47.5784260,-122.3913575,,0
53,02,5302,Congressional District 2,C2,116,G5200,N,-1664654495,-1611408139,+48.3753949,-122.5976996,,5
53,09,5309,Congressional District 9,C2,116,G5200,N,475212865,104450286,+47.4587305,-122.2584711,,0
53,06,5306,Congressional District 6,C2,116,G5200,N,17876191025,5101382519,+47.6388582,-123.5509405,,7
53,08,5308,Congressional District 8,C2,116,G5200,N,19060978428,370410119,+47.3623847,-121.0393849,,1
34,08,3408,Congressional District 8,C2,116,G5200,N,141495250,38082761,+40.7239266,-074.1064956,,0
08,01,0801,Congressional District 1,C2,116,G5200,N,491646356,7076638,+39.7322859,-104.9087582,,0
08,03,0803,Congressional District 3,C2,116,G5200,N,128801225235,388259104,+38.7432544,-107.3448493,,2
08,05,0805,Congressional District 5,C2,116,G5200,N,18818297446,61234902,+38.8154076,-105.3441513,,7
08,04,0804,Congressional District 4,C2,116,G5200,N,98683854464,438848484,+39.0706831,-103.4138530,,0
08,07,0807,Congressional District 7,C2,116,G5200,N,876592983,27439545,+39.8266706,-105.0408542,,1
08,02,0802,Congressional District 2,C2,116,G5200,N,19523675148,236595196,+40.1370840,-105.7090836,,0
08,06,0806,Congressional District 6,C2,116,G5200,N,1227600079,22167724,+39.7550881,-104.7653511,,1
24,01,2401,Congressional District 1,C2,116,G5200,N,10301014704,-259164428,+38.7684710,-075.9588863,,1
24,03,2403,Congressional District 3,C2,116,G5200,N,788544340,252344417,+39.1571515,-076.6766922,,3
24,04,2404,Congressional District 4,C2,116,G5200,N,771403497,48178407,+38.7560928,-077.0260243,,4
24,05,2405,Congressional District 5,C2,116,G5200,N,-454870941,2066469028,+38.4718173,-076.7120357,,8
24,07,2407,Congressional District 7,C2,116,G5200,N,1264524922,14715020,+39.3407655,-077.1858835,,1
24,02,2402,Congressional District 2,C2,116,G5200,N,902965456,440369386,+39.3395186,-076.4287016,,4
24,06,2406,Congressional District 6,C2,116,G5200,N,5056294339,98039271,+39.2881272,-079.4820308,,1
24,08,2408,Congressional District 8,C2,116,G5200,N,-2068710629,24048561,+39.4222951,-077.2420033,,4
11,98,1198,Delegate District (at Large),C4,116,G5200,N,158340391,18687198,+38.9041031,-077.0172290,,6
50,00,5000,Congressional District (at Large),C1,116,G5200,N,23874175944,1030416650,+44.0685773,-072.6691839,,5
20,01,2001,Congressional District 1,C2,116,G5200,N,136084023517,594345222,+38.7315950,-099.4080367,,2
20,03,2003,Congressional District 3,C2,116,G5200,N,1961857340,32787799,+38.8950035,-094.7906431,,0
20,04,2004,Congressional District 4,C2,116,G5200,N,37076058697,189253640,+37.5544654,-097.7439831,,1
20,02,2002,Congressional District 2,C2,116,G5200,N,36633404506,527754544,+38.4822777,-095.4246400,,4
46,00,4600,Congressional District (at Large),C1,116,G5200,N,196346981786,-912247071,+44.4467957,-100.2381762,,7
66,98,6698,Delegate District (at Large),C4,116,G5200,N,543555840,934337453,+13.4382886,+144.7729493,,28
25,01,2501,Congressional District 1,C2,116,G5200,N,6086782031,129713573,+42.3310441,-072.8641784,,3
25,03,2503,Congressional District 3,C2,116,G5200,N,1962308222,76095039,+42.5895154,-071.5728279,,1
25,05,2505,Congressional District 5,C2,116,G5200,N,686653254,58468410,+42.3553663,-071.2984404,,2
25,04,2504,Congressional District 4,C2,116,G5200,N,1730813070,86329577,+41.9972149,-071.2275358,,0
25,07,2507,Congressional District 7,C2,116,G5200,N,162433345,97438634,+42.3166876,-071.0094420,,0
25,02,2502,Congressional District 2,C2,116,G5200,N,-78566990,221866012,+42.3850416,-072.1186908,,0
25,09,2509,Congressional District 9,C2,116,G5200,N,-1145110313,5148464984,+41.6903601,-070.4943141,,4
25,06,2506,Congressional District 6,C2,116,G5200,N,1364422330,864189658,+42.6171124,-070.8853911,,2
25,08,2508,Congressional District 8,C2,116,G5200,N,845455823,447359599,+42.1947343,-070.9440053,,0
54,01,5401,Congressional District 1,C2,116,G5200,N,16254914688,175294958,+39.3819864,-080.2684973,,4
54,03,5403,Congressional District 3,C2,116,G5200,N,25241698809,191079291,+37.9911687,-081.2182730,,0
54,02,5402,Congressional District 2,C2,116,G5200,N,20769861016,122654294,+38.8387542,-080.1737613,,5
78,98,7898,Delegate District (at Large),C4,116,G5200,N,348021896,1550236201,+18.2758499,-064.8903849,,0
02,00,0200,Congressional District (at Large),C1,116,G5200,N,1478839695958,245481577452,+63.3473560,-152.8397334,,21
72,98,7298,Resident Commissioner District (at Large),C3,116,G5200,N,8868896030,4922382562,+18.2176480,-066.4107992,,13
55,01,5501,Congressional District 1,C2,116,G5200,N,4475448921,-1771274860,+42.6952385,-088.0463495,,0
55,03,5503,Congressional District 3,C2,116,G5200,N,28791180399,815152730,+44.0562970,-090.8917476,,2
55,04,5504,Congressional District 4,C2,116,G5200,N,332617267,-1840418053,+42.9048585,-087.8423940,,1
55,05,5505,Congressional District 5,C2,116,G5200,N,4897640233,165505624,+43.1995976,-088.5315279,,0
55,07,5507,Congressional District 7,C2,116,G5200,N,59672185021,7700520546,+45.6989971,-090.6553345,,0
55,02,5502,Congressional District 2,C2,116,G5200,N,11750536110,189001494,+42.9842952,-089.7508660,,2
55,06,5506,Congressional District 6,C2,116,G5200,N,12740758652,7315844396,+43.7792439,-088.2744226,,0
55,08,5508,Congressional District 8,C2,116,G5200,N,17629673120,8180685289,+44.8312557,-087.9368111,,0
37,01,3701,Congressional District 1,C2,116,G5200,N,15206281725,526676361,+36.1462572,-077.5228846,,1
37,07,3707,Congressional District 7,C2,116,G5200,N,15397320259,1127451539,+34.6426108,-078.2110747,,3
37,02,3702,Congressional District 2,C2,116,G5200,N,6988623688,95720327,+35.7612489,-078.4067725,,0
37,06,3706,Congressional District 6,C2,116,G5200,N,10128826240,209232379,+36.0145377,-079.4722399,,0
37,03,3703,Congressional District 3,C2,116,G5200,N,18692480370,10738328614,+35.4469667,-076.6052861,,9
37,10,3710,Congressional District 10,C2,116,G5200,N,6708434281,107723252,+35.4391869,-081.6293598,,0
37,04,3704,Congressional District 4,C2,116,G5200,N,1896794144,18220198,+35.9111759,-079.2661257,,1
37,05,3705,Congressional District 5,C2,116,G5200,N,10279829942,80959022,+36.2653335,-080.9797738,,0
37,13,3713,Congressional District 13,C2,116,G5200,N,4744852425,105491253,+35.8477068,-080.4509290,,0
37,11,3711,Congressional District 11,C2,116,G5200,N,17106622133,190956833,+35.5214138,-082.8102435,,0
37,09,3709,Congressional District 9,C2,116,G5200,N,10035418040,85881092,+34.8530785,-079.5357000,,1
37,08,3708,Congressional District 8,C2,116,G5200,N,7650443230,123254406,+35.2956105,-079.7801656,,1
37,12,3712,Congressional District 12,C2,116,G5200,N,1087729587,56176119,+35.2737407,-080.8560069,,1
33,01,3301,Congressional District 1,C2,116,G5200,N,6384522070,625111184,+43.4647305,-071.2001774,,3
33,02,3302,Congressional District 2,C2,116,G5200,N,16804891096,401564064,+43.7641775,-071.7213985,,1
60,98,6098,Delegate District (at Large),C4,116,G5200,N,197759063,1307243754,-14.2671590,-170.6682674,,0
40,01,4001,Congressional District 1,C2,116,G5200,N,-68722095,143292945,+36.2117411,-095.7895823,,1
40,03,4003,Congressional District 3,C2,116,G5200,N,88361609694,814268800,+36.1070688,-098.8397654,,3
40,05,4005,Congressional District 5,C2,116,G5200,N,5371379647,59057302,+35.3078792,-096.9896037,,2
40,04,4004,Congressional District 4,C2,116,G5200,N,25322931466,408016815,+34.5865916,-097.7501307,,6
40,02,4002,Congressional District 2,C2,116,G5200,N,54380759715,1949952135,+35.1433031,-095.4417722,,4
10,00,1000,Congressional District (at Large),C1,116,G5200,N,5045925646,1399985648,+38.9985661,-075.4416440,,4
42,01,4201,Congressional District 1,C2,116,G5200,N,1653701106,45137458,+40.3320537,-075.1134194,,0
42,18,4218,Congressional District 18,C2,116,G5200,N,757702393,19898044,+40.3711995,-079.8989312,,0
42,07,4207,Congressional District 7,C2,116,G5200,N,-2076268262,30474030,+40.7258060,-075.4268756,,0
42,02,4202,Congressional District 2,C2,116,G5200,N,162453180,8537703,+40.0464237,-075.0596773,,1
42,17,4217,Congressional District 17,C2,116,G5200,N,-2008121753,41571090,+40.6087613,-080.1871263,,2
42,14,4214,Congressional District 14,C2,116,G5200,N,7375851296,52399122,+40.0761735,-079.9247819,,0
42,06,4206,Congressional District 6,C2,116,G5200,N,-1930788625,27871337,+40.0240029,-075.7762972,,1
42,03,4203,Congressional District 3,C2,116,G5200,N,136667590,4710201,+40.0043086,-075.1988949,,0
42,10,4210,Congressional District 10,C2,116,G5200,N,-1497311843,100518003,+40.2624086,-076.8578762,,3
42,04,4204,Congressional District 4,C2,116,G5200,N,1235183943,11540873,+40.2208000,-075.3931649,,2
42,05,4205,Congressional District 5,C2,116,G5200,N,548506604,26310378,+39.9205219,-075.3752409,,1
42,16,4216,Congressional District 16,C2,116,G5200,N,8576674591,2083865765,+41.6326383,-080.1365680,,2
42,13,4213,Congressional District 13,C2,116,G5200,N,15591714852,92403236,+40.1031549,-078.2624436,,2
42,11,4211,Congressional District 11,C2,116,G5200,N,-402391032,113349199,+39.9707441,-076.3980211,,0
42,09,4209,Congressional District 9,C2,116,G5200,N,8533246423,92317194,+40.7786730,-076.1602212,,1
42,15,4215,Congressional District 15,C2,116,G5200,N,25214872952,223499582,+41.2108534,-078.9103277,,0
42,12,4212,Congressional District 12,C2,116,G5200,N,25629897859,242921113,+41.3438824,-077.0552624,,0
42,08,4208,Congressional District 8,C2,116,G5200,N,6908014567,177265662,+41.3644747,-075.4046788,,2
12,01,1201,Congressional District 1,C2,116,G5200,N,10405816127,1919384110,+30.6628014,-086.6624661,,16
12,07,1207,Congressional District 7,C2,116,G5200,N,1017471375,110917454,+28.6870369,-081.2447228,,1
12,27,1227,Congressional District 27,C2,116,G5200,N,293302729,597416563,+25.6912633,-080.2501523,,0
12,17,1217,Congressional District 17,C2,116,G5200,N,14437145834,1918872575,+27.2327392,-081.5515394,,0
12,06,1206,Congressional District 6,C2,116,G5200,N,5627035258,1318862943,+29.1930377,-081.2796011,,0
12,14,1214,Congressional District 14,C2,116,G5200,N,714675118,233953834,+28.0135308,-082.4864379,,1
12,05,1205,Congressional District 5,C2,116,G5200,N,9888522481,239830493,+30.4481169,-083.3244290,,0
12,24,1224,Congressional District 24,C2,116,G5200,N,265305017,33054938,+25.9084664,-080.2109109,,0
12,16,1216,Congressional District 16,C2,116,G5200,N,-940689767,954285435,+27.5331029,-082.3581552,,0
12,11,1211,Congressional District 11,C2,116,G5200,N,6235891832,1243668220,+28.7869395,-082.2169160,,1
12,15,1215,Congressional District 15,C2,116,G5200,N,-1478514631,214478863,+28.1969733,-081.9804493,,0
12,23,1223,Congressional District 23,C2,116,G5200,N,484534996,184761814,+26.0421375,-080.2409280,,1
12,08,1208,Congressional District 8,C2,116,G5200,N,4536447256,1710622089,+28.1646486,-080.6989059,,5
12,12,1212,Congressional District 12,C2,116,G5200,N,-2071863874,545757465,+28.2687095,-082.4918091,,0
12,18,1218,Congressional District 18,C2,116,G5200,N,-381393646,979668133,+27.1375365,-080.3816414,,1
12,02,1202,Congressional District 2,C2,116,G5200,N,28500909452,4835768335,+30.0752566,-084.1792869,,4
12,20,1220,Congressional District 20,C2,116,G5200,N,5592437702,639142009,+26.4461298,-080.5869868,,0
12,25,1225,Congressional District 25,C2,116,G5200,N,9071589763,452925118,+26.2042840,-081.2029593,,1
12,21,1221,Congressional District 21,C2,116,G5200,N,663696308,250336902,+26.5626305,-080.1262451,,0
12,03,1203,Congressional District 3,C2,116,G5200,N,9232593580,722972427,+29.6808028,-082.0478601,,0
12,10,1210,Congressional District 10,C2,116,G5200,N,1130063436,206005788,+28.5438290,-081.5128650,,0
12,04,1204,Congressional District 4,C2,116,G5200,N,-228983540,1016868324,+30.6764384,-082.0505705,,7
04,01,0401,Congressional District 1,C2,116,G5200,N,142545945366,354110880,+34.9710133,-110.7259249,,4
04,03,0403,Congressional District 3,C2,116,G5200,N,40632657178,8409911,+32.4223184,-112.4013007,,5
04,05,0405,Congressional District 5,C2,116,G5200,N,760073450,2338559,+33.3396944,-111.7124237,,1
04,04,0404,Congressional District 4,C2,116,G5200,N,85987711649,504383238,+34.5909175,-113.2045275,,4
04,07,0407,Congressional District 7,C2,116,G5200,N,530107625,1651788,+33.4278190,-112.1187677,,1
04,02,0402,Congressional District 2,C2,116,G5200,N,20298527958,138375379,+31.9166176,-109.9387277,,2
04,09,0409,Congressional District 9,C2,116,G5200,N,426737344,2969348,+33.4060068,-111.9499956,,1
04,06,0406,Congressional District 6,C2,116,G5200,N,1618660740,11030711,+33.6656628,-111.8884711,,0
04,08,0408,Congressional District 8,C2,116,G5200,N,1398129833,4067789,+33.6955714,-112.2995758,,3
48,28,4828,Congressional District 28,C2,116,G5200,N,24291214134,299391564,+27.8486342,-098.9136118,,3
48,01,4801,Congressional District 1,C2,116,G5200,N,20380430454,950996579,+31.9516781,-094.5520460,,1
48,29,4829,Congressional District 29,C2,116,G5200,N,484560611,10286993,+29.9491007,-095.4170408,,0
48,07,4807,Congressional District 7,C2,116,G5200,N,419784487,3069802,+29.8792303,-095.7786226,,0
48,27,4827,Congressional District 27,C2,116,G5200,N,23622386853,4536985434,+28.7829945,-096.8414071,,3
48,06,4806,Congressional District 6,C2,116,G5200,N,5564805243,255530191,+32.2350539,-096.6658786,,0
48,17,4817,Congressional District 17,C2,116,G5200,N,19815272799,309171233,+31.1536017,-096.6657676,,0
48,14,4814,Congressional District 14,C2,116,G5200,N,6336699151,-1755498856,+29.4337172,-094.8926947,,0
48,36,4836,Congressional District 36,C2,116,G5200,N,18455700461,1242515897,+30.4291930,-094.4314897,,0
48,05,4805,Congressional District 5,C2,116,G5200,N,13064694054,493918427,+32.2257951,-095.7316676,,0
48,16,4816,Congressional District 16,C2,116,G5200,N,1841077520,3699541,+31.9147345,-106.3088128,,1
48,24,4824,Congressional District 24,C2,116,G5200,N,680368890,23325673,+32.9194727,-097.0127238,,0
48,33,4833,Congressional District 33,C2,116,G5200,N,549099381,16592268,+32.7564438,-097.1069479,,0
48,11,4811,Congressional District 11,C2,116,G5200,N,72090912439,567658850,+31.7323018,-100.0636870,,3
48,15,4815,Congressional District 15,C2,116,G5200,N,20212430203,154866294,+27.7500112,-098.2634106,,1
48,23,4823,Congressional District 23,C2,116,G5200,N,150370590066,448808223,+30.3892100,-102.3267561,,4
48,12,4812,Congressional District 12,C2,116,G5200,N,-563141942,86780622,+32.8213284,-097.6645150,,5
48,08,4808,Congressional District 8,C2,116,G5200,N,15682590427,410338546,+30.8332407,-095.5436034,,0
48,34,4834,Congressional District 34,C2,116,G5200,N,21214050940,-930795874,+28.6690372,-097.9260082,,3
48,30,4830,Congressional District 30,C2,116,G5200,N,922898557,32939871,+32.6586215,-096.7990089,,0
48,18,4818,Congressional District 18,C2,116,G5200,N,609407297,4386002,+29.8646025,-095.5636383,,0
48,02,4802,Congressional District 2,C2,116,G5200,N,799680486,54815759,+29.8484945,-095.6459326,,0
48,20,4820,Congressional District 20,C2,116,G5200,N,517653119,1036519,+29.4743174,-098.6224612,,3
48,31,4831,Congressional District 31,C2,116,G5200,N,5580509592,136094581,+30.8288177,-097.5354116,,0
48,25,4825,Congressional District 25,C2,116,G5200,N,19742092988,316353052,+31.5007907,-097.8159131,,1
48,32,4832,Congressional District 32,C2,116,G5200,N,481897778,34271738,+32.9203834,-096.6536360,,0
48,21,4821,Congressional District 21,C2,116,G5200,N,15335237810,91754552,+30.0578898,-098.9753677,,2
48,03,4803,Congressional District 3,C2,116,G5200,N,1245329624,98074589,+33.1592134,-096.6126952,,0
48,10,4810,Congressional District 10,C2,116,G5200,N,13136357289,185202535,+29.9766245,-096.5921553,,2
48,04,4804,Congressional District 4,C2,116,G5200,N,26238357408,1009693997,+33.2982880,-095.4180633,,2
48,35,4835,Congressional District 35,C2,116,G5200,N,1538273012,19151538,+29.9155235,-097.8840940,,2
48,13,4813,Congressional District 13,C2,116,G5200,N,99326765882,764765962,+34.8376887,-100.5978721,,1
48,26,4826,Congressional District 26,C2,116,G5200,N,-1944979503,191353567,+33.1846148,-097.1341729,,0
48,22,4822,Congressional District 22,C2,116,G5200,N,-1618318144,61159619,+29.5107373,-095.6774110,,1
48,09,4809,Congressional District 9,C2,116,G5200,N,429173856,5290341,+29.6454702,-095.4942070,,0
48,19,4819,Congressional District 19,C2,116,G5200,N,66914406427,282385039,+33.2452902,-101.2097385,,1
44,01,4401,Congressional District 1,C2,116,G5200,N,695578890,628693637,+41.6306771,-071.3286718,,3
44,02,4402,Congressional District 2,C2,116,G5200,N,1982201012,694976850,+41.5696012,-071.6155143,,3
35,01,3501,Congressional District 1,C2,116,G5200,N,11916434922,16504856,+34.7717346,-106.0514021,,1
35,03,3503,Congressional District 3,C2,116,G5200,N,116458781783,303683653,+36.0098523,-105.8318570,,5
35,02,3502,Congressional District 2,C2,116,G5200,N,185821089696,408588014,+33.3852613,-106.2994424,,8
49,01,4901,Congressional District 1,C2,116,G5200,N,50652446765,-1072860282,+40.9604767,-111.3327276,,2
49,03,4903,Congressional District 3,C2,116,G5200,N,51990614064,458725091,+38.6967640,-110.2164022,,1
49,04,4904,Congressional District 4,C2,116,G5200,N,6603647100,373990713,+39.8793168,-111.8444529,,1
49,02,4902,Congressional District 2,C2,116,G5200,N,103639513751,-1350965720,+38.7449472,-112.5531266,,8
09,01,0901,Congressional District 1,C2,116,G5200,N,1749309368,51291912,+41.7901515,-073.2011801,,2
09,03,0903,Congressional District 3,C2,116,G5200,N,1218074496,68693984,+41.3856882,-072.8773022,,1
09,04,0904,Congressional District 4,C2,116,G5200,N,1193636603,214325604,+41.1968011,-073.3885143,,0
09,05,0905,Congressional District 5,C2,116,G5200,N,-1062860895,88053659,+41.6943231,-073.2099985,,0
09,02,0902,Congressional District 2,C2,116,G5200,N,5149370200,297591677,+41.6536870,-072.2065086,,3
09,ZZ,09ZZ,Congressional Districts not defined,00,116,G5200,F,0,1095660735,+41.1666065,-072.8424645,,0
30,00,3000,Congressional District (at Large),C1,116,G5200,N,376962738765,-425758464,+47.0511771,-109.6348174,,5
36,01,3601,Congressional District 1,C2,116,G5200,N,1684100500,-935628079,+40.9838720,-072.5495150,,2
36,07,3607,Congressional District 7,C2,116,G5200,N,41801517,2679582,+40.6441825,-074.0259596,,0
36,27,3627,Congressional District 27,C2,116,G5200,N,10289754856,-1071544717,+43.0008504,-078.3168825,,2
36,17,3617,Congressional District 17,C2,116,G5200,N,990764875,149861991,+41.1595319,-073.9193555,,1
36,14,3614,Congressional District 14,C2,116,G5200,N,73747625,39239213,+40.8097822,-073.8370035,,0
36,06,3606,Congressional District 6,C2,116,G5200,N,77166993,711425,+40.7348618,-073.8234555,,0
36,05,3605,Congressional District 5,C2,116,G5200,N,134550083,184506173,+40.5965625,-073.8272118,,0
36,24,3624,Congressional District 24,C2,116,G5200,N,6186361793,-1022998746,+43.2103194,-076.6480936,,2
36,16,3616,Congressional District 16,C2,116,G5200,N,202964844,76413628,+40.9397352,-073.7910880,,0
36,11,3611,Congressional District 11,C2,116,G5200,N,168159647,128599122,+40.5669743,-074.1263136,,1
36,15,3615,Congressional District 15,C2,116,G5200,N,37598152,6263939,+40.8240306,-073.8911626,,0
36,23,3623,Congressional District 23,C2,116,G5200,N,19092721663,1602345774,+42.3442440,-077.8458079,,1
36,08,3608,Congressional District 8,C2,116,G5200,N,73598441,48115635,+40.6214380,-073.9110774,,1
36,12,3612,Congressional District 12,C2,116,G5200,N,38311782,7282924,+40.7510262,-073.9504201,,0
36,18,3618,Congressional District 18,C2,116,G5200,N,-787736537,160314432,+41.4116573,-074.0809815,,3
36,02,3602,Congressional District 2,C2,116,G5200,N,470068839,375364727,+40.6853270,-073.2884424,,0
36,20,3620,Congressional District 20,C2,116,G5200,N,-1105576888,81932864,+42.7488819,-073.9883663,,3
36,25,3625,Congressional District 25,C2,116,G5200,N,1321096008,1831993802,+43.3233952,-077.7154890,,0
36,03,3603,Congressional District 3,C2,116,G5200,N,660259920,301922153,+40.8604959,-073.5053788,,0
36,21,3621,Congressional District 21,C2,116,G5200,N,39144919489,-952987495,+44.0083839,-074.6092313,,2
36,10,3610,Congressional District 10,C2,116,G5200,N,36381172,23227075,+40.7032066,-074.0063421,,0
36,04,3604,Congressional District 4,C2,116,G5200,N,286752056,168713321,+40.6369483,-073.6059099,,0
36,13,3613,Congressional District 13,C2,116,G5200,N,26316818,7203018,+40.8388622,-073.9329821,,0
36,26,3626,Congressional District 26,C2,116,G5200,N,567624846,35592405,+42.9618255,-078.8409831,,0
36,22,3622,Congressional District 22,C2,116,G5200,N,13150495474,386868974,+42.8706939,-075.6626641,,4
36,09,3609,Congressional District 9,C2,116,G5200,N,40269800,499820,+40.6421839,-073.9472006,,0
36,19,3619,Congressional District 19,C2,116,G5200,N,20556741403,430632551,+42.2278105,-074.4256329,,0
