STATEFP,CD116FP,GEOID,NAMELSAD,LSAD,CDSESSN,MTFCC,FUNCSTAT,ALAND,AWATER,INTPTLAT,INTPTLON,color,military
27,7,2707,Congressional District 7,C2,116,G5200,N,86580712408,5058381039,46.5530202,-95.6759048,,62
27,2,2702,Congressional District 2,C2,116,G5200,N,6314464923,243358361,44.478968,-92.8530418,,3
27,6,2706,Congressional District 6,C2,116,G5200,N,7460634590,408723230,45.3368069,-93.8520551,,6
27,8,2708,Congressional District 8,C2,116,G5200,N,72281499178,12448503736,47.250337,-92.9638699,,41
17,1,1701,Congressional District 1,C2,116,G5200,N,669256000,2067510,41.5466708,-87.8357472,,0
17,18,1718,Congressional District 18,C2,116,G5200,N,27235396834,383133624,40.2271844,-90.0691183,,13
17,7,1707,Congressional District 7,C2,116,G5200,N,161458448,5341167,41.863332,-87.7321218,,0
17,2,1702,Congressional District 2,C2,116,G5200,N,-1496230838,25389182,41.2562081,-87.7901148,,4
31,1,3101,Congressional District 1,C2,116,G5200,N,22995959831,249898247,41.3744593,-96.8286623,,14
6,36,636,Congressional District 36,C2,116,G5200,N,15312870769,201717828,33.7300127,-115.7393369,,7
6,16,616,Congressional District 16,C2,116,G5200,N,7354826326,118249352,37.1086529,-120.5188666,,9
6,46,646,Congressional District 46,C2,116,G5200,N,187083544,995827,33.790804,-117.8963627,,0
6,37,637,Congressional District 37,C2,116,G5200,N,143132731,351790,34.0168971,-118.3717636,,0
6,33,633,Congressional District 33,C2,116,G5200,N,747577389,489486946,34.0465389,-118.9443071,,1
6,15,615,Congressional District 15,C2,116,G5200,N,1549131567,73625793,37.6571483,-121.8362453,,2
18,2,1802,Congressional District 2,C2,116,G5200,N,10253189601,131728583,41.2487244,-86.236798,,15
18,9,1809,Congressional District 9,C2,116,G5200,N,11622090122,144580780,38.7829414,-86.2122933,,11
18,6,1806,Congressional District 6,C2,116,G5200,N,16075565107,106706879,39.4752185,-85.3763377,,16
18,8,1808,Congressional District 8,C2,116,G5200,N,18792335677,278478325,38.7330167,-87.1993471,,12
6,53,653,Congressional District 53,C2,116,G5200,N,352091648,5538110,32.7183139,-117.0314815,,1
6,47,647,Congressional District 47,C2,116,G5200,N,560123814,1176361929,33.3673364,-118.480709,,2
6,31,631,Congressional District 31,C2,116,G5200,N,566112003,5694100,34.1096748,-117.3533294,,4
6,3,603,Congressional District 3,C2,116,G5200,N,16017117073,456161284,39.0319525,-122.0895732,,13
6,21,621,Congressional District 21,C2,116,G5200,N,17432430270,33795770,36.0867145,-119.8515001,,13
6,48,648,Congressional District 48,C2,116,G5200,N,378015317,281882221,33.6229098,-117.9052749,,1
6,10,610,Congressional District 10,C2,116,G5200,N,4714787480,54084843,37.5863232,-121.0544262,,4
5,1,501,Congressional District 1,C2,116,G5200,N,50035558911,1234692466,35.2939086,-91.258306,,46
5,3,503,Congressional District 3,C2,116,G5200,N,13982564687,375776742,36.5005037,-94.6177677,,12
5,4,504,Congressional District 4,C2,116,G5200,N,57855108552,1049845616,34.2241999,-93.2211129,,31
5,2,502,Congressional District 2,C2,116,G5200,N,12895640577,302544768,35.0995596,-92.3791565,,12
18,1,1801,Congressional District 1,C2,116,G5200,N,-1298911539,625462306,41.4970344,-87.1798166,,6
6,34,634,Congressional District 34,C2,116,G5200,N,123456560,783650,34.0746549,-118.2282686,,0
6,52,652,Congressional District 52,C2,116,G5200,N,691689046,296660721,32.8571989,-117.1653269,,2
6,30,630,Congressional District 30,C2,116,G5200,N,352104835,5012026,34.2018725,-118.546956,,0
6,18,618,Congressional District 18,C2,116,G5200,N,1802693482,330001708,37.2022035,-122.1538063,,1
6,20,620,Congressional District 20,C2,116,G5200,N,12626814295,1572235024,36.3732865,-121.2752181,,7
6,42,642,Congressional District 42,C2,116,G5200,N,-1870371424,44261217,33.679953,-117.2275227,,2
6,25,625,Congressional District 25,C2,116,G5200,N,4378863906,30779288,34.588062,-118.2802639,,2
22,4,2204,Congressional District 4,C2,116,G5200,N,32210761600,1106343072,31.7920472,-93.1796062,,17
22,2,2202,Congressional District 2,C2,116,G5200,N,-1009793170,522407749,30.0467435,-90.5684985,,4
22,6,2206,Congressional District 6,C2,116,G5200,N,10447504074,1012577737,30.2957806,-91.0085262,,3
19,1,1901,Congressional District 1,C2,116,G5200,N,31206403219,228600914,42.5273374,-91.8962804,,28
6,32,632,Congressional District 32,C2,116,G5200,N,321864855,5293443,34.0895637,-117.9141422,,2
6,43,643,Congressional District 43,C2,116,G5200,N,186580878,555893,33.9031099,-118.3363034,,3
6,35,635,Congressional District 35,C2,116,G5200,N,437338064,356550,34.0447493,-117.5834632,,2
6,13,613,Congressional District 13,C2,116,G5200,N,250697049,127168051,37.7789619,-122.2392482,,1
6,26,626,Congressional District 26,C2,116,G5200,N,-1863415816,807884720,34.1670228,-119.1299548,,3
6,44,644,Congressional District 44,C2,116,G5200,N,205463239,66957266,33.8187502,-118.2509834,,1
6,19,619,Congressional District 19,C2,116,G5200,N,-1922776672,15265440,37.2162355,-121.5290231,,3
19,4,1904,Congressional District 4,C2,116,G5200,N,58938051417,264712627,42.6286385,-94.6450983,,51
19,2,1902,Congressional District 2,C2,116,G5200,N,31755572729,434115836,41.2085154,-92.1491879,,25
27,1,2701,Congressional District 1,C2,116,G5200,N,31013342671,540782812,43.8989394,-93.7117418,,24
27,3,2703,Congressional District 3,C2,116,G5200,N,1365425974,144398952,44.9958803,-93.5286204,,1
27,4,2704,Congressional District 4,C2,116,G5200,N,861318818,84495478,45.0027128,-92.9773663,,2
27,5,2705,Congressional District 5,C2,116,G5200,N,351540886,16573581,44.9809623,-93.2941451,,2
6,49,649,Congressional District 49,C2,116,G5200,N,1433319197,511621679,33.3147856,-117.3795192,,2
6,5,605,Congressional District 5,C2,116,G5200,N,4482417000,319288355,38.5157184,-122.4624656,,6
6,24,624,Congressional District 24,C2,116,G5200,N,17832192315,-610599315,34.9196335,-120.112845,,8
31,3,3103,Congressional District 3,C2,116,G5200,N,1.74648E+11,1071218403,41.539473,-100.2229693,,66
31,2,3102,Congressional District 2,C2,116,G5200,N,1312946783,50712484,41.228622,-96.160905,,3
6,29,629,Congressional District 29,C2,116,G5200,N,238354217,1621914,34.2666953,-118.4303132,,2
6,7,607,Congressional District 7,C2,116,G5200,N,1421720505,13173746,38.4794773,-121.2153712,,2
6,6,606,Congressional District 6,C2,116,G5200,N,453544934,10601204,38.5940335,-121.4797679,,3
6,39,639,Congressional District 39,C2,116,G5200,N,531445171,1078797,33.9386493,-117.8258358,,1
17,14,1714,Congressional District 14,C2,116,G5200,N,-158203347,63294101,42.0255473,-88.4458531,,5
47,1,4701,Congressional District 1,C2,116,G5200,N,10730877769,204163863,36.2125013,-82.799917,,8
47,3,4703,Congressional District 3,C2,116,G5200,N,11837064719,372167533,35.7616459,-84.5094443,,8
47,5,4705,Congressional District 5,C2,116,G5200,N,-1062506936,72095867,36.1873306,-87.0740252,,3
47,4,4704,Congressional District 4,C2,116,G5200,N,15500357323,242150169,35.5358725,-87.2770081,,12
6,11,611,Congressional District 11,C2,116,G5200,N,1268371789,101766052,37.9038693,-122.0009326,,2
41,1,4101,Congressional District 1,C2,116,G5200,N,7786815748,771013213,45.7211995,-123.3412706,,10
41,3,4103,Congressional District 3,C2,116,G5200,N,-1512096213,82267862,45.3899979,-122.1990897,,5
41,5,4105,Congressional District 5,C2,116,G5200,N,13439639550,1207538177,45.0283647,-123.1951639,,12
23,1,2301,Congressional District 1,C2,116,G5200,N,8512096974,4733548431,43.8460537,-69.9152497,,12
23,2,2302,Congressional District 2,C2,116,G5200,N,71375329063,7013001333,45.510001,-69.0853097,,38
47,7,4707,Congressional District 7,C2,116,G5200,N,23726991266,415476120,35.6333893,-87.8333421,,14
47,2,4702,Congressional District 2,C2,116,G5200,N,6013499673,278544192,36.0503605,-83.8211884,,3
17,5,1705,Congressional District 5,C2,116,G5200,N,247592486,1850633,41.9303655,-87.830902,,1
17,16,1716,Congressional District 16,C2,116,G5200,N,20503968767,183129836,41.3915234,-88.7991966,,13
17,13,1713,Congressional District 13,C2,116,G5200,N,15004637044,216308900,39.5156354,-89.5198424,,6
17,ZZ,17ZZ,Congressional Districts not defined,0,116,G5200,F,922,-224777365,41.7736686,-87.5663499,,0
6,50,650,Congressional District 50,C2,116,G5200,N,7222573192,40261060,33.1135481,-116.6225898,,5
6,23,623,Congressional District 23,C2,116,G5200,N,25636803430,99793011,35.6106838,-118.5390568,,13
6,8,608,Congressional District 8,C2,116,G5200,N,85132866565,444227838,35.6625568,-116.8195456,,21
17,17,1717,Congressional District 17,C2,116,G5200,N,17949060604,346793272,41.3894669,-90.2186532,,16
17,6,1706,Congressional District 6,C2,116,G5200,N,980857787,27754091,42.0671182,-88.4044355,,2
17,3,1703,Congressional District 3,C2,116,G5200,N,613376406,13496849,41.6789774,-87.8919745,,2
17,10,1710,Congressional District 10,C2,116,G5200,N,777404163,31605644,42.2800147,-87.9399419,,3
17,4,1704,Congressional District 4,C2,116,G5200,N,135804048,966145,41.886297,-87.920561,,0
13,3,1303,Congressional District 3,C2,116,G5200,N,9935874355,215086398,33.1505217,-84.728664,,12
13,10,1310,Congressional District 10,C2,116,G5200,N,18384949315,459100029,33.4242062,-83.062309,,11
13,4,1304,Congressional District 4,C2,116,G5200,N,1287444270,21757037,33.6976377,-84.0514329,,1
13,5,1305,Congressional District 5,C2,116,G5200,N,686276539,5016095,33.7069846,-84.4011185,,2
13,13,1313,Congressional District 13,C2,116,G5200,N,1849961415,25795622,33.6291014,-84.5664533,,0
13,9,1309,Congressional District 9,C2,116,G5200,N,13498994850,410740104,34.5061129,-83.6870501,,10
6,51,651,Congressional District 51,C2,116,G5200,N,12410851100,869815412,32.9955751,-115.5255338,,8
6,28,628,Congressional District 28,C2,116,G5200,N,565796768,2403435,34.2500576,-118.291452,,1
6,1,601,Congressional District 1,C2,116,G5200,N,72746795133,1948066307,40.731988,-121.510516,,32
13,7,1307,Congressional District 7,C2,116,G5200,N,1017219867,25241077,34.040192,-84.0829587,,1
13,2,1302,Congressional District 2,C2,116,G5200,N,24942492103,438955826,31.8162371,-84.4190306,,16
13,6,1306,Congressional District 6,C2,116,G5200,N,774251171,13986249,34.0130516,-84.3456624,,1
13,14,1314,Congressional District 14,C2,116,G5200,N,9383986863,51880746,34.4305862,-85.0978762,,6
21,2,2102,Congressional District 2,C2,116,G5200,N,18601779924,388832054,37.5446206,-85.9904901,,10
21,6,2106,Congressional District 6,C2,116,G5200,N,11129720603,115148400,38.0534473,-84.1547782,,8
22,1,2201,Congressional District 1,C2,116,G5200,N,10436304503,14398936017,29.636492,-89.905361,,5
22,3,2203,Congressional District 3,C2,116,G5200,N,18087979520,5594833099,29.9270215,-92.4364185,,14
22,5,2205,Congressional District 5,C2,116,G5200,N,37429870551,1118524221,31.7664463,-91.8235236,,27
18,3,1803,Congressional District 3,C2,116,G5200,N,10826780348,135299678,41.0967951,-85.2362774,,10
18,5,1805,Congressional District 5,C2,116,G5200,N,4985326169,40864910,40.2486316,-85.8695988,,8
18,4,1804,Congressional District 4,C2,116,G5200,N,16450662934,70295098,40.3810879,-86.8594124,,17
18,7,1807,Congressional District 7,C2,116,G5200,N,787296961,4586270,39.7468732,-86.1390065,,3
13,1,1301,Congressional District 1,C2,116,G5200,N,21047628166,2075874473,31.3174384,-81.9425449,,12
17,11,1711,Congressional District 11,C2,116,G5200,N,725929838,16218367,41.6422523,-88.1474167,,2
17,9,1709,Congressional District 9,C2,116,G5200,N,272986457,1558240,42.0526844,-87.8101853,,0
17,15,1715,Congressional District 15,C2,116,G5200,N,38062630857,353131952,38.9051694,-88.4420793,,26
47,8,4708,Congressional District 8,C2,116,G5200,N,17738523374,387103686,35.8508609,-89.1018305,,12
6,40,640,Congressional District 40,C2,116,G5200,N,149408223,1743216,33.9698668,-118.1792067,,0
6,12,612,Congressional District 12,C2,116,G5200,N,100885569,211661576,37.7855141,-122.4340005,,0
6,45,645,Congressional District 45,C2,116,G5200,N,856078764,5161857,33.7142584,-117.6683553,,0
19,3,1903,Congressional District 3,C2,116,G5200,N,22761240612,156751435,41.2095427,-94.6403809,,17
13,11,1311,Congressional District 11,C2,116,G5200,N,-1521864120,70586962,34.1804322,-84.6514936,,3
13,12,1312,Congressional District 12,C2,116,G5200,N,21267218363,310156061,32.4133308,-82.2238419,,17
13,8,1308,Congressional District 8,C2,116,G5200,N,22632647889,298759475,31.7798073,-83.4515115,,15
6,4,604,Congressional District 4,C2,116,G5200,N,33247135324,858297386,37.9824523,-119.9279734,,12
6,22,622,Congressional District 22,C2,116,G5200,N,-1277607842,10371897,36.4768778,-119.3895422,,7
6,9,609,Congressional District 9,C2,116,G5200,N,-1055257452,140669213,38.010406,-121.3065618,,4
47,9,4709,Congressional District 9,C2,116,G5200,N,1252797745,53745455,35.1676342,-89.9788605,,4
47,6,4706,Congressional District 6,C2,116,G5200,N,16770155959,324676580,36.1947713,-85.778434,,13
16,1,1601,Congressional District 1,C2,116,G5200,N,1.02098E+11,1310417824,45.2967502,-116.0358424,,62
16,2,1602,Congressional District 2,C2,116,G5200,N,1.11952E+11,1081304733,43.4439256,-113.3642618,,57
6,41,641,Congressional District 41,C2,116,G5200,N,820299648,4159166,33.9180748,-117.2974203,,4
6,27,627,Congressional District 27,C2,116,G5200,N,1812584403,7549848,34.2650833,-117.9348875,,0
6,17,617,Congressional District 17,C2,116,G5200,N,480149991,21997291,37.4410278,-121.9665776,,0
6,14,614,Congressional District 14,C2,116,G5200,N,672683232,827165077,37.5748023,-122.4936563,,3
41,4,4104,Congressional District 4,C2,116,G5200,N,44737320075,-2067550138,43.4720025,-123.2731321,,24
41,2,4102,Congressional District 2,C2,116,G5200,N,1.7986E+11,1904150525,43.8374944,-119.5968497,,43
21,1,2101,Congressional District 1,C2,116,G5200,N,31296234250,1221417588,37.0846029,-87.1849382,,22
21,3,2103,Congressional District 3,C2,116,G5200,N,827821298,40946491,38.1894013,-85.6974571,,2
21,5,2105,Congressional District 5,C2,116,G5200,N,29096016239,312392707,37.3688281,-83.5218984,,13
21,4,2104,Congressional District 4,C2,116,G5200,N,11327918358,296600515,38.5689729,-84.4370062,,4
17,12,1712,Congressional District 12,C2,116,G5200,N,12972082875,462200658,37.9933075,-89.4278909,,11
17,8,1708,Congressional District 8,C2,116,G5200,N,532623690,10394846,42.009662,-88.0966499,,1
6,2,602,Congressional District 2,C2,116,G5200,N,33546725691,-172942708,40.0940587,-123.4649741,,27
6,38,638,Congressional District 38,C2,116,G5200,N,262655737,3823181,33.9394788,-118.0626041,,0
1,1,101,Congressional District 1,C2,116,G5200,N,15713197908,-2019292205,31.0020519,-87.7879717,,14
1,3,103,Congressional District 3,C2,116,G5200,N,19537640555,471223121,33.1505639,-85.7002277,,12
1,5,105,Congressional District 5,C2,116,G5200,N,9525492193,459955499,34.7552973,-86.7118036,,9
1,4,104,Congressional District 4,C2,116,G5200,N,23022590138,573214646,34.1181796,-87.2138079,,15
1,7,107,Congressional District 7,C2,116,G5200,N,26301828529,332882012,32.4492349,-87.6405014,,15
1,2,102,Congressional District 2,C2,116,G5200,N,26269902298,303582941,31.7020846,-86.0768417,,19
1,6,106,Congressional District 6,C2,116,G5200,N,10803396962,176793844,33.2602125,-86.7134302,,5
12,13,1213,Congressional District 13,C2,116,G5200,N,470709134,640204070,27.8259163,-82.7264422,,3
12,26,1226,Congressional District 26,C2,116,G5200,N,5659121044,7734843990,25.1707427,-81.0952687,,4
12,22,1222,Congressional District 22,C2,116,G5200,N,424130319,254083069,26.2721076,-80.1252119,,2
12,9,1209,Congressional District 9,C2,116,G5200,N,5987286333,798928316,28.0353419,-81.2906169,,6
12,19,1219,Congressional District 19,C2,116,G5200,N,1937060134,1603487946,26.4316252,-81.9067678,,4
29,1,2901,Congressional District 1,C2,116,G5200,N,582542737,28225242,38.728386,-90.2962282,,1
29,3,2903,Congressional District 3,C2,116,G5200,N,17745526082,368043248,38.5781714,-91.563185,,13
29,5,2905,Congressional District 5,C2,116,G5200,N,6281461429,89873789,39.141446,-93.7839363,,8
29,4,2904,Congressional District 4,C2,116,G5200,N,37312032695,744247785,38.2824253,-93.3189947,,22
29,7,2907,Congressional District 7,C2,116,G5200,N,16246587078,248542030,36.9910613,-93.7063517,,14
29,2,2902,Congressional District 2,C2,116,G5200,N,1206284592,37571451,38.6029696,-90.5323369,,2
29,6,2906,Congressional District 6,C2,116,G5200,N,47132969024,528128323,39.9480143,-93.2935421,,26
29,8,2908,Congressional District 8,C2,116,G5200,N,51543398547,444793592,37.1941281,-90.9345152,,38
28,1,2801,Congressional District 1,C2,116,G5200,N,27384113095,408680692,34.1975177,-89.0035117,,22
28,3,2803,Congressional District 3,C2,116,G5200,N,33034077391,341749292,32.0149304,-89.7405887,,18
28,4,2804,Congressional District 4,C2,116,G5200,N,20834173560,-2076651865,30.9941864,-89.0903341,,15
28,2,2802,Congressional District 2,C2,116,G5200,N,40281155435,958174343,33.178215,-90.3514005,,24
34,1,3401,Congressional District 1,C2,116,G5200,N,907100845,51162830,39.7919748,-75.055921,,3
34,3,3403,Congressional District 3,C2,116,G5200,N,-1968134305,618205570,39.898974,-74.4763431,,5
34,10,3410,Congressional District 10,C2,116,G5200,N,196397289,12474852,40.7089641,-74.2090452,,2
34,4,3404,Congressional District 4,C2,116,G5200,N,1789674324,49701555,40.1650024,-74.3169967,,3
34,5,3405,Congressional District 5,C2,116,G5200,N,-1726527806,83673745,40.9738214,-75.134211,,6
34,7,3407,Congressional District 7,C2,116,G5200,N,-1782810953,47085986,40.6317476,-74.7895041,,6
34,2,3402,Congressional District 2,C2,116,G5200,N,5423847467,2034703850,39.3932996,-74.9072568,,11
34,9,3409,Congressional District 9,C2,116,G5200,N,246870811,19480622,40.8607823,-74.0738236,,1
34,11,3411,Congressional District 11,C2,116,G5200,N,1310058632,67984687,40.9020187,-74.450539,,3
34,6,3406,Congressional District 6,C2,116,G5200,N,557571516,503799396,40.3465672,-74.2150836,,0
34,12,3412,Congressional District 12,C2,116,G5200,N,1067381022,18504392,40.3742188,-74.574055,,2
32,1,3201,Congressional District 1,C2,116,G5200,N,270624142,16683,36.1335429,-115.1515423,,1
32,3,3203,Congressional District 3,C2,116,G5200,N,7378700260,102791046,35.6631939,-115.1539667,,6
32,4,3204,Congressional District 4,C2,116,G5200,N,1.32083E+11,628524268,38.0856467,-116.0264961,,18
32,2,3202,Congressional District 2,C2,116,G5200,N,1.44597E+11,1315874075,40.6511506,-117.3296838,,24
45,1,4501,Congressional District 1,C2,116,G5200,N,-281422444,-2098397843,32.7140628,-80.1606245,,6
45,3,4503,Congressional District 3,C2,116,G5200,N,13646022171,518916989,34.3577435,-82.3312067,,10
45,4,4504,Congressional District 4,C2,116,G5200,N,-930507530,44729109,34.9417009,-82.1701563,,5
45,5,4505,Congressional District 5,C2,116,G5200,N,14260689226,265732852,34.5302283,-81.0109378,,9
45,7,4507,Congressional District 7,C2,116,G5200,N,13869575083,958926941,34.0834783,-79.4988485,,18
45,2,4502,Congressional District 2,C2,116,G5200,N,7827497984,225271436,33.633062,-81.3792888,,6
45,6,4506,Congressional District 6,C2,116,G5200,N,20883129406,865071998,33.208208,-80.5239865,,14
53,1,5301,Congressional District 1,C2,116,G5200,N,16019836313,1097951634,48.3674893,-121.6579122,,9
53,3,5303,Congressional District 3,C2,116,G5200,N,23611085055,1219984100,46.2709146,-122.2622503,,15
38,0,3800,Congressional District (at Large),C1,116,G5200,N,1.78708E+11,4403267548,47.442174,-100.4608258,,89
56,0,5600,Congressional District (at Large),C1,116,G5200,N,2.51459E+11,1867670745,42.9896591,-107.5443922,,41
69,98,6998,Delegate District (at Large),C4,116,G5200,N,472292529,4644252461,14.9300771,145.6425305,,4
39,1,3901,Congressional District 1,C2,116,G5200,N,1779110527,26793491,39.3360198,-84.3468497,,3
39,7,3907,Congressional District 7,C2,116,G5200,N,10009974812,64567382,40.7432753,-82.467001,,15
39,2,3902,Congressional District 2,C2,116,G5200,N,8344038308,77170483,39.0188676,-83.5519463,,6
39,14,3914,Congressional District 14,C2,116,G5200,N,5064219099,-564683811,41.7511641,-81.0194752,,10
39,6,3906,Congressional District 6,C2,116,G5200,N,18685702709,202816758,39.7714087,-81.575039,,21
39,3,3903,Congressional District 3,C2,116,G5200,N,590732885,11274048,39.9662072,-82.947495,,2
39,10,3910,Congressional District 10,C2,116,G5200,N,-1369218448,15947647,39.7013631,-83.9586972,,8
39,4,3904,Congressional District 4,C2,116,G5200,N,12083214953,121559316,40.5169844,-84.5754759,,20
39,5,3905,Congressional District 5,C2,116,G5200,N,14571716547,73249833,41.155751,-84.0447886,,20
39,16,3916,Congressional District 16,C2,116,G5200,N,-1173072697,31141190,40.9821546,-81.7406039,,6
39,13,3913,Congressional District 13,C2,116,G5200,N,-1979679512,70792303,41.1496303,-80.9786969,,5
39,15,3915,Congressional District 15,C2,116,G5200,N,12273402700,99789977,39.5778602,-82.7562053,,16
39,11,3911,Congressional District 11,C2,116,G5200,N,633380874,1310812208,41.6137949,-81.5277187,,2
39,9,3909,Congressional District 9,C2,116,G5200,N,1202130654,4313138940,41.4032532,-82.5481185,,9
39,8,3908,Congressional District 8,C2,116,G5200,N,6344114806,42726671,39.8995752,-84.1608314,,9
39,12,3912,Congressional District 12,C2,116,G5200,N,5884212463,76786970,40.239323,-82.6136769,,6
51,1,5101,Congressional District 1,C2,116,G5200,N,10908524934,1767438169,37.8807201,-76.976288,,7
51,3,5103,Congressional District 3,C2,116,G5200,N,1619438767,406420212,36.9137548,-76.5694796,,2
51,10,5110,Congressional District 10,C2,116,G5200,N,-742945611,37324155,39.076162,-77.8559583,,4
51,5,5105,Congressional District 5,C2,116,G5200,N,25979630120,391890253,37.3323415,-78.723558,,13
51,4,5104,Congressional District 4,C2,116,G5200,N,9433257835,296483280,36.961749,-77.1577179,,7
51,7,5107,Congressional District 7,C2,116,G5200,N,8075545799,144698517,37.820184,-77.9024081,,8
51,2,5102,Congressional District 2,C2,116,G5200,N,-1436342724,5175504914,37.3937297,-75.9356016,,5
51,11,5111,Congressional District 11,C2,116,G5200,N,479342358,21326058,38.78906,-77.2946223,,0
51,9,5109,Congressional District 9,C2,116,G5200,N,23608647264,153447195,37.0008631,-81.3249946,,10
15,1,1501,Congressional District 1,C2,116,G5200,N,541359418,456759507,21.3226396,-157.9059542,,2
15,2,1502,Congressional District 2,C2,116,G5200,N,16092630777,11321049519,19.6941634,-156.044344,,12
26,1,2601,Congressional District 1,C2,116,G5200,N,64824717641,75782056342,46.1573045,-86.436912,,63
26,7,2607,Congressional District 7,C2,116,G5200,N,10950537365,526028591,42.0936084,-84.3049549,,22
26,2,2602,Congressional District 2,C2,116,G5200,N,8644760241,7325050525,43.3975406,-86.3188626,,14
26,6,2606,Congressional District 6,C2,116,G5200,N,9188279377,-229115032,42.1640521,-86.1560519,,17
26,14,2614,Congressional District 14,C2,116,G5200,N,480339355,97940449,42.5612521,-83.438725,,1
26,3,2603,Congressional District 3,C2,116,G5200,N,6811523115,176750939,42.7200275,-85.2372759,,10
26,10,2610,Congressional District 10,C2,116,G5200,N,10732439902,5435442796,43.4559041,-82.8824074,,24
26,5,2605,Congressional District 5,C2,116,G5200,N,6083376419,4835570030,43.5744457,-84.1628756,,12
26,4,2604,Congressional District 4,C2,116,G5200,N,21907203534,520053991,43.7315525,-84.7503993,,42
26,13,2613,Congressional District 13,C2,116,G5200,N,478918323,5374636,42.3513749,-83.4300532,,1
26,ZZ,26ZZ,Congressional Districts not defined,0,116,G5200,F,0,4875244623,42.498499,-82.871962,,0
26,11,2611,Congressional District 11,C2,116,G5200,N,1085687168,55726229,42.5300018,-83.4539962,,4
26,9,2609,Congressional District 9,C2,116,G5200,N,475771461,13240065,42.5296604,-83.0547224,,0
26,12,2612,Congressional District 12,C2,116,G5200,N,1044264730,71968024,42.2053809,-83.4470432,,4
26,8,2608,Congressional District 8,C2,116,G5200,N,-401832937,99556198,42.647773,-83.9453541,,7
51,6,5106,Congressional District 6,C2,116,G5200,N,15355775696,104993717,38.136543,-79.1992544,,10
51,8,5108,Congressional District 8,C2,116,G5200,N,386908080,29005304,38.7713248,-77.1467415,,1
53,10,5310,Congressional District 10,C2,116,G5200,N,2141821386,234826813,47.041722,-122.7558152,,5
53,5,5305,Congressional District 5,C2,116,G5200,N,40076148862,598822284,47.5732049,-117.8675495,,25
53,4,5304,Congressional District 4,C2,116,G5200,N,49848046468,808206849,47.2946268,-119.7071777,,28
53,7,5307,Congressional District 7,C2,116,G5200,N,372955017,339685089,47.578426,-122.3913575,,1
53,2,5302,Congressional District 2,C2,116,G5200,N,-1664654495,-1611408139,48.3753949,-122.5976996,,10
53,9,5309,Congressional District 9,C2,116,G5200,N,475212865,104450286,47.4587305,-122.2584711,,3
53,6,5306,Congressional District 6,C2,116,G5200,N,17876191025,5101382519,47.6388582,-123.5509405,,15
53,8,5308,Congressional District 8,C2,116,G5200,N,19060978428,370410119,47.3623847,-121.0393849,,14
34,8,3408,Congressional District 8,C2,116,G5200,N,141495250,38082761,40.7239266,-74.1064956,,0
8,1,801,Congressional District 1,C2,116,G5200,N,491646356,7076638,39.7322859,-104.9087582,,1
8,3,803,Congressional District 3,C2,116,G5200,N,1.28801E+11,388259104,38.7432544,-107.3448493,,36
8,5,805,Congressional District 5,C2,116,G5200,N,18818297446,61234902,38.8154076,-105.3441513,,6
8,4,804,Congressional District 4,C2,116,G5200,N,98683854464,438848484,39.0706831,-103.413853,,24
8,7,807,Congressional District 7,C2,116,G5200,N,876592983,27439545,39.8266706,-105.0408542,,1
8,2,802,Congressional District 2,C2,116,G5200,N,19523675148,236595196,40.137084,-105.7090836,,4
8,6,806,Congressional District 6,C2,116,G5200,N,1227600079,22167724,39.7550881,-104.7653511,,2
24,1,2401,Congressional District 1,C2,116,G5200,N,10301014704,-259164428,38.768471,-75.9588863,,13
24,3,2403,Congressional District 3,C2,116,G5200,N,788544340,252344417,39.1571515,-76.6766922,,3
24,4,2404,Congressional District 4,C2,116,G5200,N,771403497,48178407,38.7560928,-77.0260243,,2
24,5,2405,Congressional District 5,C2,116,G5200,N,-454870941,2066469028,38.4718173,-76.7120357,,5
24,7,2407,Congressional District 7,C2,116,G5200,N,1264524922,14715020,39.3407655,-77.1858835,,0
24,2,2402,Congressional District 2,C2,116,G5200,N,902965456,440369386,39.3395186,-76.4287016,,2
24,6,2406,Congressional District 6,C2,116,G5200,N,5056294339,98039271,39.2881272,-79.4820308,,5
24,8,2408,Congressional District 8,C2,116,G5200,N,-2068710629,24048561,39.4222951,-77.2420033,,3
11,98,1198,Delegate District (at Large),C4,116,G5200,N,158340391,18687198,38.9041031,-77.017229,,0
50,0,5000,Congressional District (at Large),C1,116,G5200,N,23874175944,1030416650,44.0685773,-72.6691839,,16
20,1,2001,Congressional District 1,C2,116,G5200,N,1.36084E+11,594345222,38.731595,-99.4080367,,73
20,3,2003,Congressional District 3,C2,116,G5200,N,1961857340,32787799,38.8950035,-94.7906431,,5
20,4,2004,Congressional District 4,C2,116,G5200,N,37076058697,189253640,37.5544654,-97.7439831,,32
20,2,2002,Congressional District 2,C2,116,G5200,N,36633404506,527754544,38.4822777,-95.42464,,28
46,0,4600,Congressional District (at Large),C1,116,G5200,N,1.96347E+11,-912247071,44.4467957,-100.2381762,,72
66,98,6698,Delegate District (at Large),C4,116,G5200,N,543555840,934337453,13.4382886,144.7729493,,1
25,1,2501,Congressional District 1,C2,116,G5200,N,6086782031,129713573,42.3310441,-72.8641784,,6
25,3,2503,Congressional District 3,C2,116,G5200,N,1962308222,76095039,42.5895154,-71.5728279,,3
25,5,2505,Congressional District 5,C2,116,G5200,N,686653254,58468410,42.3553663,-71.2984404,,0
25,4,2504,Congressional District 4,C2,116,G5200,N,1730813070,86329577,41.9972149,-71.2275358,,4
25,7,2507,Congressional District 7,C2,116,G5200,N,162433345,97438634,42.3166876,-71.009442,,1
25,2,2502,Congressional District 2,C2,116,G5200,N,-78566990,221866012,42.3850416,-72.1186908,,8
25,9,2509,Congressional District 9,C2,116,G5200,N,-1145110313,5148464984,41.6903601,-70.4943141,,12
25,6,2506,Congressional District 6,C2,116,G5200,N,1364422330,864189658,42.6171124,-70.8853911,,4
25,8,2508,Congressional District 8,C2,116,G5200,N,845455823,447359599,42.1947343,-70.9440053,,1
54,1,5401,Congressional District 1,C2,116,G5200,N,16254914688,175294958,39.3819864,-80.2684973,,14
54,3,5403,Congressional District 3,C2,116,G5200,N,25241698809,191079291,37.9911687,-81.218273,,14
54,2,5402,Congressional District 2,C2,116,G5200,N,20769861016,122654294,38.8387542,-80.1737613,,9
78,98,7898,Delegate District (at Large),C4,116,G5200,N,348021896,1550236201,18.2758499,-64.8903849,,2
2,0,200,Congressional District (at Large),C1,116,G5200,N,1.47884E+12,2.45482E+11,63.347356,-152.8397334,,283
72,98,7298,Resident Commissioner District (at Large),C3,116,G5200,N,8868896030,4922382562,18.217648,-66.4107992,,11
55,1,5501,Congressional District 1,C2,116,G5200,N,4475448921,-1771274860,42.6952385,-88.0463495,,15
55,3,5503,Congressional District 3,C2,116,G5200,N,28791180399,815152730,44.056297,-90.8917476,,21
55,4,5504,Congressional District 4,C2,116,G5200,N,332617267,-1840418053,42.9048585,-87.842394,,2
55,5,5505,Congressional District 5,C2,116,G5200,N,4897640233,165505624,43.1995976,-88.5315279,,10
55,7,5507,Congressional District 7,C2,116,G5200,N,59672185021,7700520546,45.6989971,-90.6553345,,40
55,2,5502,Congressional District 2,C2,116,G5200,N,11750536110,189001494,42.9842952,-89.750866,,15
55,6,5506,Congressional District 6,C2,116,G5200,N,12740758652,7315844396,43.7792439,-88.2744226,,8
55,8,5508,Congressional District 8,C2,116,G5200,N,17629673120,8180685289,44.8312557,-87.9368111,,17
37,1,3701,Congressional District 1,C2,116,G5200,N,15206281725,526676361,36.1462572,-77.5228846,,8
37,7,3707,Congressional District 7,C2,116,G5200,N,15397320259,1127451539,34.6426108,-78.2110747,,10
37,2,3702,Congressional District 2,C2,116,G5200,N,6988623688,95720327,35.7612489,-78.4067725,,7
37,6,3706,Congressional District 6,C2,116,G5200,N,10128826240,209232379,36.0145377,-79.4722399,,16
37,3,3703,Congressional District 3,C2,116,G5200,N,18692480370,10738328614,35.4469667,-76.6052861,,18
37,10,3710,Congressional District 10,C2,116,G5200,N,6708434281,107723252,35.4391869,-81.6293598,,6
37,4,3704,Congressional District 4,C2,116,G5200,N,1896794144,18220198,35.9111759,-79.2661257,,2
37,5,3705,Congressional District 5,C2,116,G5200,N,10279829942,80959022,36.2653335,-80.9797738,,10
37,13,3713,Congressional District 13,C2,116,G5200,N,4744852425,105491253,35.8477068,-80.450929,,6
37,11,3711,Congressional District 11,C2,116,G5200,N,17106622133,190956833,35.5214138,-82.8102435,,8
37,9,3709,Congressional District 9,C2,116,G5200,N,10035418040,85881092,34.8530785,-79.5357,,10
37,8,3708,Congressional District 8,C2,116,G5200,N,7650443230,123254406,35.2956105,-79.7801656,,6
37,12,3712,Congressional District 12,C2,116,G5200,N,1087729587,56176119,35.2737407,-80.8560069,,2
33,1,3301,Congressional District 1,C2,116,G5200,N,6384522070,625111184,43.4647305,-71.2001774,,6
33,2,3302,Congressional District 2,C2,116,G5200,N,16804891096,401564064,43.7641775,-71.7213985,,18
60,98,6098,Delegate District (at Large),C4,116,G5200,N,197759063,1307243754,-14.267159,-170.6682674,,3
40,1,4001,Congressional District 1,C2,116,G5200,N,-68722095,143292945,36.2117411,-95.7895823,,5
40,3,4003,Congressional District 3,C2,116,G5200,N,88361609694,814268800,36.1070688,-98.8397654,,64
40,5,4005,Congressional District 5,C2,116,G5200,N,5371379647,59057302,35.3078792,-96.9896037,,4
40,4,4004,Congressional District 4,C2,116,G5200,N,25322931466,408016815,34.5865916,-97.7501307,,24
40,2,4002,Congressional District 2,C2,116,G5200,N,54380759715,1949952135,35.1433031,-95.4417722,,39
10,0,1000,Congressional District (at Large),C1,116,G5200,N,5045925646,1399985648,38.9985661,-75.441644,,10
42,1,4201,Congressional District 1,C2,116,G5200,N,1653701106,45137458,40.3320537,-75.1134194,,4
42,18,4218,Congressional District 18,C2,116,G5200,N,757702393,19898044,40.3711995,-79.8989312,,2
42,7,4207,Congressional District 7,C2,116,G5200,N,-2076268262,30474030,40.725806,-75.4268756,,5
42,2,4202,Congressional District 2,C2,116,G5200,N,162453180,8537703,40.0464237,-75.0596773,,1
42,17,4217,Congressional District 17,C2,116,G5200,N,-2008121753,41571090,40.6087613,-80.1871263,,4
42,14,4214,Congressional District 14,C2,116,G5200,N,7375851296,52399122,40.0761735,-79.9247819,,9
42,6,4206,Congressional District 6,C2,116,G5200,N,-1930788625,27871337,40.0240029,-75.7762972,,4
42,3,4203,Congressional District 3,C2,116,G5200,N,136667590,4710201,40.0043086,-75.1988949,,0
42,10,4210,Congressional District 10,C2,116,G5200,N,-1497311843,100518003,40.2624086,-76.8578762,,7
42,4,4204,Congressional District 4,C2,116,G5200,N,1235183943,11540873,40.2208,-75.3931649,,5
42,5,4205,Congressional District 5,C2,116,G5200,N,548506604,26310378,39.9205219,-75.3752409,,1
42,16,4216,Congressional District 16,C2,116,G5200,N,8576674591,2083865765,41.6326383,-80.136568,,9
42,13,4213,Congressional District 13,C2,116,G5200,N,15591714852,92403236,40.1031549,-78.2624436,,11
42,11,4211,Congressional District 11,C2,116,G5200,N,-402391032,113349199,39.9707441,-76.3980211,,6
42,9,4209,Congressional District 9,C2,116,G5200,N,8533246423,92317194,40.778673,-76.1602212,,11
42,15,4215,Congressional District 15,C2,116,G5200,N,25214872952,223499582,41.2108534,-78.9103277,,17
42,12,4212,Congressional District 12,C2,116,G5200,N,25629897859,242921113,41.3438824,-77.0552624,,14
42,8,4208,Congressional District 8,C2,116,G5200,N,6908014567,177265662,41.3644747,-75.4046788,,9
12,1,1201,Congressional District 1,C2,116,G5200,N,10405816127,1919384110,30.6628014,-86.6624661,,8
12,7,1207,Congressional District 7,C2,116,G5200,N,1017471375,110917454,28.6870369,-81.2447228,,2
12,27,1227,Congressional District 27,C2,116,G5200,N,293302729,597416563,25.6912633,-80.2501523,,0
12,17,1217,Congressional District 17,C2,116,G5200,N,14437145834,1918872575,27.2327392,-81.5515394,,9
12,6,1206,Congressional District 6,C2,116,G5200,N,5627035258,1318862943,29.1930377,-81.2796011,,10
12,14,1214,Congressional District 14,C2,116,G5200,N,714675118,233953834,28.0135308,-82.4864379,,2
12,5,1205,Congressional District 5,C2,116,G5200,N,9888522481,239830493,30.4481169,-83.324429,,6
12,24,1224,Congressional District 24,C2,116,G5200,N,265305017,33054938,25.9084664,-80.2109109,,1
12,16,1216,Congressional District 16,C2,116,G5200,N,-940689767,954285435,27.5331029,-82.3581552,,2
12,11,1211,Congressional District 11,C2,116,G5200,N,6235891832,1243668220,28.7869395,-82.216916,,4
12,15,1215,Congressional District 15,C2,116,G5200,N,-1478514631,214478863,28.1969733,-81.9804493,,4
12,23,1223,Congressional District 23,C2,116,G5200,N,484534996,184761814,26.0421375,-80.240928,,2
12,8,1208,Congressional District 8,C2,116,G5200,N,4536447256,1710622089,28.1646486,-80.6989059,,8
12,12,1212,Congressional District 12,C2,116,G5200,N,-2071863874,545757465,28.2687095,-82.4918091,,3
12,18,1218,Congressional District 18,C2,116,G5200,N,-381393646,979668133,27.1375365,-80.3816414,,4
12,2,1202,Congressional District 2,C2,116,G5200,N,28500909452,4835768335,30.0752566,-84.1792869,,16
12,20,1220,Congressional District 20,C2,116,G5200,N,5592437702,639142009,26.4461298,-80.5869868,,4
12,25,1225,Congressional District 25,C2,116,G5200,N,9071589763,452925118,26.204284,-81.2029593,,6
12,21,1221,Congressional District 21,C2,116,G5200,N,663696308,250336902,26.5626305,-80.1262451,,1
12,3,1203,Congressional District 3,C2,116,G5200,N,9232593580,722972427,29.6808028,-82.0478601,,5
12,10,1210,Congressional District 10,C2,116,G5200,N,1130063436,206005788,28.543829,-81.512865,,3
12,4,1204,Congressional District 4,C2,116,G5200,N,-228983540,1016868324,30.6764384,-82.0505705,,5
4,1,401,Congressional District 1,C2,116,G5200,N,1.42546E+11,354110880,34.9710133,-110.7259249,,34
4,3,403,Congressional District 3,C2,116,G5200,N,40632657178,8409911,32.4223184,-112.4013007,,9
4,5,405,Congressional District 5,C2,116,G5200,N,760073450,2338559,33.3396944,-111.7124237,,3
4,4,404,Congressional District 4,C2,116,G5200,N,85987711649,504383238,34.5909175,-113.2045275,,18
4,7,407,Congressional District 7,C2,116,G5200,N,530107625,1651788,33.427819,-112.1187677,,1
4,2,402,Congressional District 2,C2,116,G5200,N,20298527958,138375379,31.9166176,-109.9387277,,8
4,9,409,Congressional District 9,C2,116,G5200,N,426737344,2969348,33.4060068,-111.9499956,,1
4,6,406,Congressional District 6,C2,116,G5200,N,1618660740,11030711,33.6656628,-111.8884711,,2
4,8,408,Congressional District 8,C2,116,G5200,N,1398129833,4067789,33.6955714,-112.2995758,,2
48,28,4828,Congressional District 28,C2,116,G5200,N,24291214134,299391564,27.8486342,-98.9136118,,4
48,1,4801,Congressional District 1,C2,116,G5200,N,20380430454,950996579,31.9516781,-94.552046,,12
48,29,4829,Congressional District 29,C2,116,G5200,N,484560611,10286993,29.9491007,-95.4170408,,1
48,7,4807,Congressional District 7,C2,116,G5200,N,419784487,3069802,29.8792303,-95.7786226,,2
48,27,4827,Congressional District 27,C2,116,G5200,N,23622386853,4536985434,28.7829945,-96.8414071,,24
48,6,4806,Congressional District 6,C2,116,G5200,N,5564805243,255530191,32.2350539,-96.6658786,,8
48,17,4817,Congressional District 17,C2,116,G5200,N,19815272799,309171233,31.1536017,-96.6657676,,15
48,14,4814,Congressional District 14,C2,116,G5200,N,6336699151,-1755498856,29.4337172,-94.8926947,,6
48,36,4836,Congressional District 36,C2,116,G5200,N,18455700461,1242515897,30.429193,-94.4314897,,14
48,5,4805,Congressional District 5,C2,116,G5200,N,13064694054,493918427,32.2257951,-95.7316676,,13
48,16,4816,Congressional District 16,C2,116,G5200,N,1841077520,3699541,31.9147345,-106.3088128,,1
48,24,4824,Congressional District 24,C2,116,G5200,N,680368890,23325673,32.9194727,-97.0127238,,2
48,33,4833,Congressional District 33,C2,116,G5200,N,549099381,16592268,32.7564438,-97.1069479,,1
48,11,4811,Congressional District 11,C2,116,G5200,N,72090912439,567658850,31.7323018,-100.063687,,33
48,15,4815,Congressional District 15,C2,116,G5200,N,20212430203,154866294,27.7500112,-98.2634106,,10
48,23,4823,Congressional District 23,C2,116,G5200,N,1.50371E+11,448808223,30.38921,-102.3267561,,37
48,12,4812,Congressional District 12,C2,116,G5200,N,-563141942,86780622,32.8213284,-97.664515,,9
48,8,4808,Congressional District 8,C2,116,G5200,N,15682590427,410338546,30.8332407,-95.5436034,,7
48,34,4834,Congressional District 34,C2,116,G5200,N,21214050940,-930795874,28.6690372,-97.9260082,,9
48,30,4830,Congressional District 30,C2,116,G5200,N,922898557,32939871,32.6586215,-96.7990089,,3
48,18,4818,Congressional District 18,C2,116,G5200,N,609407297,4386002,29.8646025,-95.5636383,,1
48,2,4802,Congressional District 2,C2,116,G5200,N,799680486,54815759,29.8484945,-95.6459326,,1
48,20,4820,Congressional District 20,C2,116,G5200,N,517653119,1036519,29.4743174,-98.6224612,,1
48,31,4831,Congressional District 31,C2,116,G5200,N,5580509592,136094581,30.8288177,-97.5354116,,5
48,25,4825,Congressional District 25,C2,116,G5200,N,19742092988,316353052,31.5007907,-97.8159131,,10
48,32,4832,Congressional District 32,C2,116,G5200,N,481897778,34271738,32.9203834,-96.653636,,0
48,21,4821,Congressional District 21,C2,116,G5200,N,15335237810,91754552,30.0578898,-98.9753677,,7
48,3,4803,Congressional District 3,C2,116,G5200,N,1245329624,98074589,33.1592134,-96.6126952,,3
48,10,4810,Congressional District 10,C2,116,G5200,N,13136357289,185202535,29.9766245,-96.5921553,,10
48,4,4804,Congressional District 4,C2,116,G5200,N,26238357408,1009693997,33.298288,-95.4180633,,24
48,35,4835,Congressional District 35,C2,116,G5200,N,1538273012,19151538,29.9155235,-97.884094,,3
48,13,4813,Congressional District 13,C2,116,G5200,N,99326765882,764765962,34.8376887,-100.5978721,,50
48,26,4826,Congressional District 26,C2,116,G5200,N,-1944979503,191353567,33.1846148,-97.1341729,,13
48,22,4822,Congressional District 22,C2,116,G5200,N,-1618318144,61159619,29.5107373,-95.677411,,13
48,9,4809,Congressional District 9,C2,116,G5200,N,429173856,5290341,29.6454702,-95.494207,,0
48,19,4819,Congressional District 19,C2,116,G5200,N,66914406427,282385039,33.2452902,-101.2097385,,34
44,1,4401,Congressional District 1,C2,116,G5200,N,695578890,628693637,41.6306771,-71.3286718,,2
44,2,4402,Congressional District 2,C2,116,G5200,N,1982201012,694976850,41.5696012,-71.6155143,,5
35,1,3501,Congressional District 1,C2,116,G5200,N,11916434922,16504856,34.7717346,-106.0514021,,5
35,3,3503,Congressional District 3,C2,116,G5200,N,1.16459E+11,303683653,36.0098523,-105.831857,,24
35,2,3502,Congressional District 2,C2,116,G5200,N,1.85821E+11,408588014,33.3852613,-106.2994424,,29
49,1,4901,Congressional District 1,C2,116,G5200,N,50652446765,-1072860282,40.9604767,-111.3327276,,9
49,3,4903,Congressional District 3,C2,116,G5200,N,51990614064,458725091,38.696764,-110.2164022,,10
49,4,4904,Congressional District 4,C2,116,G5200,N,6603647100,373990713,39.8793168,-111.8444529,,4
49,2,4902,Congressional District 2,C2,116,G5200,N,1.0364E+11,-1350965720,38.7449472,-112.5531266,,23
9,1,901,Congressional District 1,C2,116,G5200,N,1749309368,51291912,41.7901515,-73.2011801,,3
9,3,903,Congressional District 3,C2,116,G5200,N,1218074496,68693984,41.3856882,-72.8773022,,3
9,4,904,Congressional District 4,C2,116,G5200,N,1193636603,214325604,41.1968011,-73.3885143,,1
9,5,905,Congressional District 5,C2,116,G5200,N,-1062860895,88053659,41.6943231,-73.2099985,,5
9,2,902,Congressional District 2,C2,116,G5200,N,5149370200,297591677,41.653687,-72.2065086,,8
9,ZZ,09ZZ,Congressional Districts not defined,0,116,G5200,F,0,1095660735,41.1666065,-72.8424645,,0
30,0,3000,Congressional District (at Large),C1,116,G5200,N,3.76963E+11,-425758464,47.0511771,-109.6348174,,123
36,1,3601,Congressional District 1,C2,116,G5200,N,1684100500,-935628079,40.983872,-72.549515,,8
36,7,3607,Congressional District 7,C2,116,G5200,N,41801517,2679582,40.6441825,-74.0259596,,0
36,27,3627,Congressional District 27,C2,116,G5200,N,10289754856,-1071544717,43.0008504,-78.3168825,,20
36,17,3617,Congressional District 17,C2,116,G5200,N,990764875,149861991,41.1595319,-73.9193555,,1
36,14,3614,Congressional District 14,C2,116,G5200,N,73747625,39239213,40.8097822,-73.8370035,,1
36,6,3606,Congressional District 6,C2,116,G5200,N,77166993,711425,40.7348618,-73.8234555,,0
36,5,3605,Congressional District 5,C2,116,G5200,N,134550083,184506173,40.5965625,-73.8272118,,1
36,24,3624,Congressional District 24,C2,116,G5200,N,6186361793,-1022998746,43.2103194,-76.6480936,,7
36,16,3616,Congressional District 16,C2,116,G5200,N,202964844,76413628,40.9397352,-73.791088,,0
36,11,3611,Congressional District 11,C2,116,G5200,N,168159647,128599122,40.5669743,-74.1263136,,0
36,15,3615,Congressional District 15,C2,116,G5200,N,37598152,6263939,40.8240306,-73.8911626,,0
36,23,3623,Congressional District 23,C2,116,G5200,N,19092721663,1602345774,42.344244,-77.8458079,,18
36,8,3608,Congressional District 8,C2,116,G5200,N,73598441,48115635,40.621438,-73.9110774,,0
36,12,3612,Congressional District 12,C2,116,G5200,N,38311782,7282924,40.7510262,-73.9504201,,0
36,18,3618,Congressional District 18,C2,116,G5200,N,-787736537,160314432,41.4116573,-74.0809815,,6
36,2,3602,Congressional District 2,C2,116,G5200,N,470068839,375364727,40.685327,-73.2884424,,3
36,20,3620,Congressional District 20,C2,116,G5200,N,-1105576888,81932864,42.7488819,-73.9883663,,5
36,25,3625,Congressional District 25,C2,116,G5200,N,1321096008,1831993802,43.3233952,-77.715489,,3
36,3,3603,Congressional District 3,C2,116,G5200,N,660259920,301922153,40.8604959,-73.5053788,,0
36,21,3621,Congressional District 21,C2,116,G5200,N,39144919489,-952987495,44.0083839,-74.6092313,,23
36,10,3610,Congressional District 10,C2,116,G5200,N,36381172,23227075,40.7032066,-74.0063421,,0
36,4,3604,Congressional District 4,C2,116,G5200,N,286752056,168713321,40.6369483,-73.6059099,,0
36,13,3613,Congressional District 13,C2,116,G5200,N,26316818,7203018,40.8388622,-73.9329821,,0
36,26,3626,Congressional District 26,C2,116,G5200,N,567624846,35592405,42.9618255,-78.8409831,,2
36,22,3622,Congressional District 22,C2,116,G5200,N,13150495474,386868974,42.8706939,-75.6626641,,11
36,9,3609,Congressional District 9,C2,116,G5200,N,40269800,499820,40.6421839,-73.9472006,,0
36,19,3619,Congressional District 19,C2,116,G5200,N,20556741403,430632551,42.2278105,-74.4256329,,20